-- --------------------------------------------------------
-- Host:                         localhost
-- Server version:               5.5.25a - MySQL Community Server (GPL)
-- Server OS:                    Win64
-- HeidiSQL version:             7.0.0.4053
-- Date/time:                    2012-08-03 01:44:18
-- --------------------------------------------------------

/*!40101 SET @OLD_CHARACTER_SET_CLIENT=@@CHARACTER_SET_CLIENT */;
/*!40101 SET NAMES utf8 */;
/*!40014 SET FOREIGN_KEY_CHECKS=0 */;

-- Dumping database structure for dota2
DROP DATABASE IF EXISTS `dota2`;
CREATE DATABASE IF NOT EXISTS `dota2` /*!40100 DEFAULT CHARACTER SET utf8 */;
USE `dota2`;


-- Dumping structure for table dota2.heroes
DROP TABLE IF EXISTS `heroes`;
CREATE TABLE IF NOT EXISTS `heroes` (
  `hero_id` smallint(4) unsigned NOT NULL,
  `hero_name` tinytext NOT NULL,
  PRIMARY KEY (`hero_id`)
) ENGINE=InnoDB DEFAULT CHARSET=utf8;

-- Dumping data for table dota2.heroes: ~92 rows (approximately)
DELETE FROM `heroes`;
/*!40000 ALTER TABLE `heroes` DISABLE KEYS */;
INSERT INTO `heroes` (`hero_id`, `hero_name`) VALUES
	(1, 'antimage'),
	(2, 'axe'),
	(3, 'bane'),
	(4, 'bloodseeker'),
	(5, 'crystal_maiden'),
	(6, 'drow_ranger'),
	(7, 'earthshaker'),
	(8, 'juggernaut'),
	(9, 'mirana'),
	(10, 'morphling'),
	(11, 'nevermore'),
	(12, 'phantom_lancer'),
	(13, 'puck'),
	(14, 'pudge'),
	(15, 'razor'),
	(16, 'sand_king'),
	(17, 'storm_spirit'),
	(18, 'sven'),
	(19, 'tiny'),
	(20, 'vengefulspirit'),
	(21, 'windrunner'),
	(22, 'zuus'),
	(23, 'kunkka'),
	(25, 'lina'),
	(26, 'lion'),
	(27, 'shadow_shaman'),
	(28, 'slardar'),
	(29, 'tidehunter'),
	(30, 'witch_doctor'),
	(31, 'lich'),
	(32, 'riki'),
	(33, 'enigma'),
	(34, 'tinker'),
	(35, 'sniper'),
	(36, 'necrolyte'),
	(37, 'warlock'),
	(38, 'beastmaster'),
	(39, 'queenofpain'),
	(40, 'venomancer'),
	(41, 'faceless_void'),
	(42, 'skeleton_king'),
	(43, 'death_prophet'),
	(44, 'phantom_assassin'),
	(45, 'pugna'),
	(46, 'templar_assassin'),
	(47, 'viper'),
	(48, 'luna'),
	(49, 'dragon_knight'),
	(50, 'dazzle'),
	(51, 'rattletrap'),
	(52, 'leshrac'),
	(53, 'furion'),
	(54, 'life_stealer'),
	(55, 'dark_seer'),
	(56, 'clinkz'),
	(57, 'omniknight'),
	(58, 'enchantress'),
	(59, 'huskar'),
	(60, 'night_stalker'),
	(61, 'broodmother'),
	(62, 'bounty_hunter'),
	(63, 'weaver'),
	(64, 'jakiro'),
	(65, 'batrider'),
	(66, 'chen'),
	(67, 'spectre'),
	(68, 'ancient_apparition'),
	(69, 'doom_bringer'),
	(70, 'ursa'),
	(71, 'spirit_breaker'),
	(72, 'gyrocopter'),
	(73, 'alchemist'),
	(74, 'invoker'),
	(75, 'silencer'),
	(76, 'obsidian_destroyer'),
	(77, 'lycan'),
	(78, 'brewmaster'),
	(79, 'shadow_demon'),
	(80, 'lone_druid'),
	(81, 'chaos_knight'),
	(82, 'meepo'),
	(83, 'treant'),
	(84, 'ogre_magi'),
	(85, 'undying'),
	(86, 'rubick'),
	(87, 'disruptor'),
	(88, 'nyx_assassin'),
	(89, 'naga_siren'),
	(90, 'keeper_of_the_light'),
	(91, 'wisp'),
	(92, 'visage'),
	(93, 'slark');
/*!40000 ALTER TABLE `heroes` ENABLE KEYS */;


-- Dumping structure for table dota2.items
DROP TABLE IF EXISTS `items`;
CREATE TABLE IF NOT EXISTS `items` (
  `item_id` smallint(4) unsigned NOT NULL,
  `item_name` tinytext NOT NULL,
  PRIMARY KEY (`item_id`)
) ENGINE=InnoDB DEFAULT CHARSET=utf8 ROW_FORMAT=COMPACT;

-- Dumping data for table dota2.items: ~213 rows (approximately)
DELETE FROM `items`;
/*!40000 ALTER TABLE `items` DISABLE KEYS */;
INSERT INTO `items` (`item_id`, `item_name`) VALUES
	(0, 'empty_item'),
	(1, 'blink'),
	(2, 'blades_of_attack'),
	(3, 'broadsword'),
	(4, 'chainmail'),
	(5, 'claymore'),
	(6, 'helm_of_iron_will'),
	(7, 'javelin'),
	(8, 'mithril_hammer'),
	(9, 'platemail'),
	(10, 'quarterstaff'),
	(11, 'quelling_blade'),
	(12, 'ring_of_protection'),
	(13, 'gauntlets'),
	(14, 'slippers'),
	(15, 'mantle'),
	(16, 'branches'),
	(17, 'belt_of_strength'),
	(18, 'boots_of_elves'),
	(19, 'robe'),
	(20, 'circlet'),
	(21, 'ogre_axe'),
	(22, 'blade_of_alacrity'),
	(23, 'staff_of_wizardry'),
	(24, 'ultimate_orb'),
	(25, 'gloves'),
	(26, 'lifesteal'),
	(27, 'ring_of_regen'),
	(28, 'sobi_mask'),
	(29, 'boots'),
	(30, 'gem'),
	(31, 'cloak'),
	(32, 'talisman_of_evasion'),
	(33, 'cheese'),
	(34, 'magic_stick'),
	(35, 'recipe_magic_wand'),
	(36, 'magic_wand'),
	(37, 'ghost'),
	(38, 'clarity'),
	(39, 'flask'),
	(40, 'dust'),
	(41, 'bottle'),
	(42, 'ward_observer'),
	(43, 'ward_sentry'),
	(44, 'tango'),
	(45, 'courier'),
	(46, 'tpscroll'),
	(47, 'recipe_travel_boots'),
	(48, 'travel_boots'),
	(49, 'recipe_phase_boots'),
	(50, 'phase_boots'),
	(51, 'demon_edge'),
	(52, 'eagle'),
	(53, 'reaver'),
	(54, 'relic'),
	(55, 'hyperstone'),
	(56, 'ring_of_health'),
	(57, 'void_stone'),
	(58, 'mystic_staff'),
	(59, 'energy_booster'),
	(60, 'point_booster'),
	(61, 'vitality_booster'),
	(62, 'recipe_power_treads'),
	(63, 'power_treads'),
	(64, 'recipe_hand_of_midas'),
	(65, 'hand_of_midas'),
	(66, 'recipe_oblivion_staff'),
	(67, 'oblivion_staff'),
	(68, 'recipe_pers'),
	(69, 'pers'),
	(70, 'recipe_poor_mans_shield'),
	(71, 'poor_mans_shield'),
	(72, 'recipe_bracer'),
	(73, 'bracer'),
	(74, 'recipe_wraith_band'),
	(75, 'wraith_band'),
	(76, 'recipe_null_talisman'),
	(77, 'null_talisman'),
	(78, 'recipe_mekansm'),
	(79, 'mekansm'),
	(80, 'recipe_vladmir'),
	(81, 'vladmir'),
	(84, 'flying_courier'),
	(85, 'recipe_buckler'),
	(86, 'buckler'),
	(87, 'recipe_ring_of_basilius'),
	(88, 'ring_of_basilius'),
	(89, 'recipe_pipe'),
	(90, 'pipe'),
	(91, 'recipe_urn_of_shadows'),
	(92, 'urn_of_shadows'),
	(93, 'recipe_headdress'),
	(94, 'headdress'),
	(95, 'recipe_sheepstick'),
	(96, 'sheepstick'),
	(97, 'recipe_orchid'),
	(98, 'orchid'),
	(99, 'recipe_cyclone'),
	(100, 'cyclone'),
	(101, 'recipe_force_staff'),
	(102, 'force_staff'),
	(103, 'recipe_dagon'),
	(104, 'dagon'),
	(105, 'recipe_necronomicon'),
	(106, 'necronomicon'),
	(107, 'recipe_ultimate_scepter'),
	(108, 'ultimate_scepter'),
	(109, 'recipe_refresher'),
	(110, 'refresher'),
	(111, 'recipe_assault'),
	(112, 'assault'),
	(113, 'recipe_heart'),
	(114, 'heart'),
	(115, 'recipe_black_king_bar'),
	(116, 'black_king_bar'),
	(117, 'aegis'),
	(118, 'recipe_shivas_guard'),
	(119, 'shivas_guard'),
	(120, 'recipe_bloodstone'),
	(121, 'bloodstone'),
	(122, 'recipe_sphere'),
	(123, 'sphere'),
	(124, 'recipe_vanguard'),
	(125, 'vanguard'),
	(126, 'recipe_blade_mail'),
	(127, 'blade_mail'),
	(128, 'recipe_soul_booster'),
	(129, 'soul_booster'),
	(130, 'recipe_hood_of_defiance'),
	(131, 'hood_of_defiance'),
	(132, 'recipe_rapier'),
	(133, 'rapier'),
	(134, 'recipe_monkey_king_bar'),
	(135, 'monkey_king_bar'),
	(136, 'recipe_radiance'),
	(137, 'radiance'),
	(138, 'recipe_butterfly'),
	(139, 'butterfly'),
	(140, 'recipe_greater_crit'),
	(141, 'greater_crit'),
	(142, 'recipe_basher'),
	(143, 'basher'),
	(144, 'recipe_bfury'),
	(145, 'bfury'),
	(146, 'recipe_manta'),
	(147, 'manta'),
	(148, 'recipe_lesser_crit'),
	(149, 'lesser_crit'),
	(150, 'recipe_armlet'),
	(151, 'armlet'),
	(152, 'invis_sword'),
	(153, 'recipe_sange_and_yasha'),
	(154, 'sange_and_yasha'),
	(155, 'recipe_satanic'),
	(156, 'satanic'),
	(157, 'recipe_mjollnir'),
	(158, 'mjollnir'),
	(159, 'recipe_skadi'),
	(160, 'skadi'),
	(161, 'recipe_sange'),
	(162, 'sange'),
	(163, 'recipe_helm_of_the_dominator'),
	(164, 'helm_of_the_dominator'),
	(165, 'recipe_maelstrom'),
	(166, 'maelstrom'),
	(167, 'recipe_desolator'),
	(168, 'desolator'),
	(169, 'recipe_yasha'),
	(170, 'yasha'),
	(171, 'recipe_mask_of_madness'),
	(172, 'mask_of_madness'),
	(173, 'recipe_scroll'),
	(174, 'diffusal_blade'),
	(175, 'recipe_ethereal_blade'),
	(176, 'ethereal_blade'),
	(177, 'recipe_soul_ring'),
	(178, 'soul_ring'),
	(179, 'recipe_arcane_boots'),
	(180, 'arcane_boots'),
	(181, 'orb_of_venom'),
	(182, 'stout_shield'),
	(183, 'recipe_invis_sword'),
	(184, 'recipe_ancient_janggo'),
	(185, 'ancient_janggo'),
	(186, 'recipe_medallion_of_courage'),
	(187, 'medallion_of_courage'),
	(188, 'smoke_of_deceit'),
	(189, 'recipe_veil_of_discord'),
	(190, 'veil_of_discord'),
	(191, 'recipe_necronomicon_2'),
	(192, 'recipe_necronomicon_3'),
	(193, 'necronomicon_2'),
	(194, 'necronomicon_3'),
	(195, 'recipe_diffusal_blade_2'),
	(196, 'diffusal_blade'),
	(197, 'recipe_dagon_2'),
	(198, 'recipe_dagon_3'),
	(199, 'recipe_dagon_4'),
	(200, 'recipe_dagon_5'),
	(201, 'dagon_2'),
	(202, 'dagon_3'),
	(203, 'dagon_4'),
	(204, 'dagon_5'),
	(205, 'recipe_rod_of_atos'),
	(206, 'rod_of_atos'),
	(207, 'recipe_abyssal_blade'),
	(208, 'abyssal_blade'),
	(209, 'recipe_heavens_halberd'),
	(210, 'heavens_halberd'),
	(211, 'recipe_ring_of_aquila'),
	(212, 'ring_of_aquila'),
	(213, 'recipe_tranquil_boots'),
	(214, 'tranquil_boots');
/*!40000 ALTER TABLE `items` ENABLE KEYS */;


-- Dumping structure for table dota2.matchinfo
DROP TABLE IF EXISTS `matchinfo`;
CREATE TABLE IF NOT EXISTS `matchinfo` (
  `match_id` int(10) unsigned NOT NULL,
  `radiant_win` tinyint(1) unsigned NOT NULL,
  `duration` int(6) unsigned NOT NULL,
  `start_time` int(11) unsigned NOT NULL,
  `first_blood` int(6) unsigned NOT NULL,
  PRIMARY KEY (`match_id`)
) ENGINE=InnoDB DEFAULT CHARSET=utf8;

-- Dumping data for table dota2.matchinfo: ~117 rows (approximately)
DELETE FROM `matchinfo`;
/*!40000 ALTER TABLE `matchinfo` DISABLE KEYS */;
INSERT INTO `matchinfo` (`match_id`, `radiant_win`, `duration`, `start_time`, `first_blood`) VALUES
	(162636, 0, 3130, 1320960408, 0),
	(785617, 0, 3294, 1322779937, 0),
	(858946, 1, 2106, 1322874494, 208),
	(957979, 0, 2993, 1322985561, 271),
	(1165157, 0, 2978, 1323300284, 210),
	(1166755, 1, 2520, 1323303943, 154),
	(1601237, 1, 1703, 1323875122, 95),
	(1844946, 1, 2755, 1324251440, 113),
	(1935462, 1, 2107, 1324420835, 133),
	(1936852, 0, 2151, 1324423363, 185),
	(1938602, 1, 1936, 1324427272, 332),
	(1940140, 1, 2240, 1324430596, 276),
	(1997111, 1, 2975, 1324515710, 38),
	(2125037, 0, 1465, 1324674244, 26),
	(2127446, 1, 1776, 1324676457, 59),
	(2190627, 0, 562, 1324772046, 182),
	(2192394, 0, 2276, 1324773416, 205),
	(2505189, 0, 3123, 1325266740, 47),
	(2520456, 1, 1622, 1325287583, 89),
	(2608535, 1, 2855, 1325452349, 21),
	(2612040, 0, 4235, 1325455745, 21),
	(2757753, 1, 1967, 1325715935, 54),
	(2759606, 1, 2533, 1325718536, 264),
	(2967987, 1, 1991, 1326061402, 191),
	(3020597, 1, 2534, 1326155988, 199),
	(3069253, 0, 2154, 1326238829, 223),
	(3117792, 1, 2882, 1326326069, 241),
	(3164099, 0, 3167, 1326407675, 42),
	(3165716, 1, 1854, 1326411795, 44),
	(3331154, 0, 2401, 1326583397, 386),
	(3334525, 0, 3127, 1326586935, 261),
	(3376892, 0, 2518, 1326645139, 254),
	(3394117, 1, 2801, 1326662350, 84),
	(3397622, 1, 3020, 1326666148, 400),
	(3515329, 0, 2880, 1326846859, 255),
	(3516520, 0, 1859, 1326850182, 151),
	(3566127, 0, 1615, 1326930279, 139),
	(3707966, 0, 2786, 1327093536, 170),
	(3735432, 1, 2539, 1327127235, 198),
	(3737563, 1, 2464, 1327130494, 117),
	(3809717, 0, 2603, 1327207055, 162),
	(3811802, 1, 1799, 1327211170, 140),
	(4293152, 1, 2367, 1327794159, 166),
	(4439078, 1, 2092, 1327963245, 119),
	(4639160, 0, 2529, 1328222423, 49),
	(4641763, 0, 2523, 1328225266, 280),
	(4795769, 0, 1962, 1328398891, 132),
	(4798943, 1, 2857, 1328401365, 58),
	(4995646, 0, 2637, 1328655661, 432),
	(5034815, 0, 2500, 1328712395, 158),
	(5053803, 1, 1691, 1328731100, 204),
	(5056705, 0, 2499, 1328733254, 279),
	(5062594, 0, 2212, 1328739517, 38),
	(5066668, 1, 1533, 1328744917, 43),
	(5133753, 0, 3457, 1328828238, 98),
	(7217572, 0, 2426, 1331326598, 132),
	(7249094, 1, 3559, 1331357404, 696),
	(7252248, 0, 2538, 1331361906, 182),
	(7311495, 1, 1994, 1331415867, 155),
	(13567939, 0, 3120, 1335643353, 125),
	(13576053, 0, 2841, 1335647220, 118),
	(13606960, 1, 2621, 1335665423, 278),
	(13701805, 1, 2281, 1335710238, 228),
	(13712367, 0, 2721, 1335714033, 49),
	(13762767, 0, 1880, 1335735545, 85),
	(14350023, 0, 2648, 1336061297, 42),
	(14567543, 1, 2662, 1336169689, 237),
	(14576326, 1, 3553, 1336173958, 94),
	(14586661, 0, 2478, 1336181068, 127),
	(14592258, 1, 2565, 1336184937, 143),
	(14597230, 1, 2185, 1336188155, 132),
	(14605025, 1, 2526, 1336191991, 367),
	(14739963, 0, 2104, 1336250356, 195),
	(14749784, 1, 2890, 1336254180, 225),
	(14779971, 0, 2035, 1336273708, 167),
	(14786175, 1, 3094, 1336276369, 90),
	(14804870, 0, 3135, 1336286218, 196),
	(14812706, 1, 2653, 1336290523, 502),
	(14958428, 0, 1708, 1336360221, 149),
	(15092383, 1, 3001, 1336433717, 122),
	(15390023, 1, 2328, 1336609694, 82),
	(15394914, 1, 2511, 1336613610, 112),
	(18475003, 1, 1951, 1338554493, 228),
	(18482653, 1, 2868, 1338556866, 143),
	(18716210, 1, 2313, 1338669785, 258),
	(20467062, 1, 2093, 1339633247, 218),
	(20895537, 1, 2705, 1339856384, 228),
	(21424103, 1, 2415, 1340141393, 54),
	(21583757, 0, 1109, 1340236311, 17),
	(21588421, 0, 2807, 1340238068, 214),
	(21594230, 1, 2063, 1340243793, 73),
	(21679105, 0, 2578, 1340287892, 210),
	(21694952, 1, 2265, 1340294585, 160),
	(21704879, 1, 2026, 1340298742, 279),
	(21735655, 1, 3065, 1340311730, 163),
	(21745818, 1, 1667, 1340318473, 211),
	(21751173, 0, 2899, 1340320765, 217),
	(21756760, 1, 1982, 1340325382, 131),
	(22109715, 0, 581, 1340495947, 39),
	(22113734, 0, 2093, 1340496845, 61),
	(22425364, 0, 3111, 1340647449, 264),
	(22475662, 1, 2907, 1340674578, 40),
	(22482262, 0, 3031, 1340678734, 35),
	(22623341, 1, 2672, 1340747913, 155),
	(22628878, 0, 1773, 1340752230, 158),
	(22642485, 1, 2858, 1340760412, 70),
	(22650101, 0, 2130, 1340765978, 233),
	(22656122, 0, 2978, 1340768902, 75),
	(22829151, 1, 3068, 1340855331, 190),
	(22833159, 1, 2269, 1340858854, 61),
	(22836564, 0, 1587, 1340861724, 37),
	(23020238, 0, 2941, 1340944773, 120),
	(23028238, 1, 1607, 1340949857, 122),
	(23034149, 0, 1555, 1340952547, 141),
	(23121989, 0, 3284, 1340981060, 59),
	(23913607, 0, 2700, 1341322275, 469),
	(28521931, 1, 1419, 1343341073, 119);
/*!40000 ALTER TABLE `matchinfo` ENABLE KEYS */;


-- Dumping structure for table dota2.playermatchinfo
DROP TABLE IF EXISTS `playermatchinfo`;
CREATE TABLE IF NOT EXISTS `playermatchinfo` (
  `id` int(10) unsigned NOT NULL AUTO_INCREMENT,
  `match_id` int(10) unsigned NOT NULL,
  `player_id` int(10) unsigned NOT NULL,
  `hero_id` smallint(4) unsigned NOT NULL,
  `item_0` smallint(4) unsigned NOT NULL DEFAULT '0',
  `item_1` smallint(4) unsigned NOT NULL DEFAULT '0',
  `item_2` smallint(4) unsigned NOT NULL DEFAULT '0',
  `item_3` smallint(4) unsigned NOT NULL DEFAULT '0',
  `item_4` smallint(4) unsigned NOT NULL DEFAULT '0',
  `item_5` smallint(4) unsigned NOT NULL DEFAULT '0',
  `slot` tinyint(3) unsigned NOT NULL DEFAULT '0',
  `kills` smallint(4) unsigned NOT NULL DEFAULT '0',
  `deaths` smallint(4) unsigned NOT NULL DEFAULT '0',
  `assists` smallint(4) unsigned NOT NULL DEFAULT '0',
  `lasthits` mediumint(5) unsigned NOT NULL DEFAULT '0',
  `denies` mediumint(8) unsigned NOT NULL DEFAULT '0',
  `level` tinyint(2) unsigned NOT NULL DEFAULT '0',
  `gold` mediumint(7) unsigned NOT NULL DEFAULT '0',
  `gold_spent` mediumint(7) unsigned NOT NULL DEFAULT '0',
  `gpm` smallint(5) unsigned NOT NULL DEFAULT '0',
  `xpm` smallint(5) unsigned NOT NULL DEFAULT '0',
  `hero_dmg` mediumint(6) unsigned NOT NULL DEFAULT '0',
  `tower_dmg` mediumint(6) unsigned NOT NULL DEFAULT '0',
  `leaver` tinyint(1) NOT NULL DEFAULT '0',
  PRIMARY KEY (`id`),
  KEY `match` (`match_id`),
  KEY `player` (`player_id`),
  KEY `hero` (`hero_id`),
  KEY `item0` (`item_0`),
  KEY `item1` (`item_1`),
  KEY `item2` (`item_2`),
  KEY `item3` (`item_3`),
  KEY `item4` (`item_4`),
  KEY `item5` (`item_5`),
  CONSTRAINT `hero` FOREIGN KEY (`hero_id`) REFERENCES `heroes` (`hero_id`),
  CONSTRAINT `item0` FOREIGN KEY (`item_0`) REFERENCES `items` (`item_id`),
  CONSTRAINT `item1` FOREIGN KEY (`item_1`) REFERENCES `items` (`item_id`),
  CONSTRAINT `item2` FOREIGN KEY (`item_2`) REFERENCES `items` (`item_id`),
  CONSTRAINT `item3` FOREIGN KEY (`item_3`) REFERENCES `items` (`item_id`),
  CONSTRAINT `item4` FOREIGN KEY (`item_4`) REFERENCES `items` (`item_id`),
  CONSTRAINT `item5` FOREIGN KEY (`item_5`) REFERENCES `items` (`item_id`),
  CONSTRAINT `match` FOREIGN KEY (`match_id`) REFERENCES `matchinfo` (`match_id`),
  CONSTRAINT `player` FOREIGN KEY (`player_id`) REFERENCES `players` (`account_id`)
) ENGINE=InnoDB AUTO_INCREMENT=1171 DEFAULT CHARSET=utf8;

-- Dumping data for table dota2.playermatchinfo: ~1,170 rows (approximately)
DELETE FROM `playermatchinfo`;
/*!40000 ALTER TABLE `playermatchinfo` DISABLE KEYS */;
INSERT INTO `playermatchinfo` (`id`, `match_id`, `player_id`, `hero_id`, `item_0`, `item_1`, `item_2`, `item_3`, `item_4`, `item_5`, `slot`, `kills`, `deaths`, `assists`, `lasthits`, `denies`, `level`, `gold`, `gold_spent`, `gpm`, `xpm`, `hero_dmg`, `tower_dmg`, `leaver`) VALUES
	(1, 28521931, 77558885, 48, 71, 36, 212, 63, 116, 0, 0, 5, 2, 6, 46, 1, 12, 1990, 7854, 411, 361, 6211, 1196, 0),
	(2, 28521931, 14785255, 43, 121, 29, 123, 16, 0, 16, 1, 7, 2, 9, 96, 4, 16, 1298, 11297, 518, 575, 10833, 2454, 0),
	(3, 28521931, 86485964, 79, 185, 102, 36, 46, 0, 29, 2, 4, 4, 8, 22, 1, 11, 1599, 6574, 329, 320, 5865, 586, 0),
	(4, 28521931, 94014185, 53, 104, 96, 63, 65, 46, 0, 3, 8, 1, 8, 114, 1, 15, 1803, 12470, 602, 535, 6603, 1781, 0),
	(5, 28521931, 96475398, 52, 41, 36, 121, 50, 108, 9, 4, 9, 2, 14, 113, 6, 18, 1683, 14162, 644, 797, 15044, 5854, 0),
	(6, 28521931, 10083620, 72, 29, 2, 41, 212, 0, 0, 128, 1, 9, 3, 31, 1, 9, 2, 3145, 152, 212, 6948, 0, 0),
	(7, 28521931, 6567960, 8, 11, 50, 46, 36, 56, 71, 129, 4, 4, 0, 69, 15, 13, 772, 5043, 249, 401, 4517, 0, 0),
	(8, 28521931, 64703394, 59, 63, 26, 46, 25, 2, 0, 130, 6, 9, 0, 45, 8, 11, 371, 4290, 227, 316, 7129, 0, 0),
	(9, 28521931, 33725606, 29, 44, 31, 16, 29, 16, 16, 131, 0, 6, 3, 9, 1, 8, 10, 1642, 91, 179, 2491, 0, 0),
	(10, 28521931, 33116958, 2, 182, 44, 63, 0, 0, 0, 132, 0, 6, 3, 26, 8, 10, 344, 2165, 134, 248, 2297, 0, 0),
	(11, 23913607, 103673995, 54, 65, 151, 143, 182, 63, 164, 0, 5, 6, 7, 142, 0, 19, 342, 11600, 313, 450, 8037, 226, 0),
	(12, 23913607, 20729142, 29, 1, 92, 185, 9, 63, 0, 1, 3, 13, 10, 92, 0, 18, 301, 8221, 238, 386, 10565, 70, 0),
	(13, 23913607, 19945209, 84, 29, 44, 23, 16, 60, 21, 2, 4, 13, 2, 42, 2, 15, 753, 4329, 171, 267, 5678, 301, 0),
	(14, 23913607, 104464383, 67, 50, 174, 125, 11, 46, 0, 3, 6, 10, 10, 100, 0, 19, 965, 8296, 265, 431, 11012, 155, 0),
	(15, 23913607, 106042299, 23, 29, 145, 149, 0, 0, 0, 4, 1, 9, 11, 70, 0, 16, 559, 7090, 220, 335, 12481, 258, 0),
	(16, 23913607, 33725606, 76, 102, 96, 63, 116, 9, 46, 128, 15, 3, 15, 172, 12, 23, 2450, 17011, 434, 661, 20282, 823, 0),
	(17, 23913607, 23637363, 31, 63, 79, 108, 15, 46, 0, 129, 3, 6, 18, 54, 0, 19, 2782, 8951, 277, 446, 11894, 993, 0),
	(18, 23913607, 103020247, 12, 214, 178, 196, 53, 0, 0, 130, 3, 3, 18, 79, 9, 19, 2599, 9995, 290, 459, 10423, 1245, 0),
	(19, 23913607, 52018736, 3, 180, 116, 102, 108, 0, 0, 131, 12, 3, 9, 57, 10, 22, 1634, 13150, 338, 583, 9831, 1269, 0),
	(20, 23913607, 71595485, 71, 127, 63, 172, 141, 112, 0, 132, 17, 6, 13, 127, 13, 23, 1156, 18234, 441, 654, 17980, 4051, 0),
	(21, 23121989, 102191579, 66, 180, 108, 81, 79, 0, 0, 0, 2, 8, 4, 163, 0, 20, 1260, 10816, 237, 390, 4446, 507, 0),
	(22, 23121989, 102459109, 1, 147, 125, 63, 0, 46, 53, 1, 9, 9, 9, 182, 20, 21, 629, 13564, 295, 457, 14004, 458, 0),
	(23, 23121989, 91939416, 74, 50, 24, 102, 185, 108, 57, 2, 8, 6, 11, 172, 7, 20, 732, 14308, 302, 414, 24173, 500, 0),
	(24, 23121989, 102993291, 44, 50, 164, 116, 145, 88, 0, 3, 2, 8, 9, 177, 0, 20, 278, 13168, 275, 412, 6976, 247, 0),
	(25, 23121989, 79089155, 21, 50, 102, 41, 77, 123, 24, 4, 6, 5, 10, 137, 3, 20, 642, 12728, 257, 414, 16708, 1119, 0),
	(26, 23121989, 33725606, 76, 96, 102, 0, 110, 119, 63, 128, 14, 4, 9, 216, 26, 24, 1331, 21846, 423, 580, 25166, 2470, 0),
	(27, 23121989, 83618797, 84, 180, 36, 108, 190, 0, 0, 129, 3, 3, 13, 71, 3, 18, 3080, 9794, 241, 338, 7551, 776, 0),
	(28, 23121989, 26310545, 57, 141, 7, 63, 151, 178, 79, 130, 8, 5, 10, 130, 2, 21, 777, 16990, 318, 430, 11209, 2110, 0),
	(29, 23121989, 32394208, 50, 180, 185, 46, 21, 0, 0, 131, 1, 11, 10, 62, 17, 18, 1581, 8700, 219, 341, 4490, 506, 0),
	(30, 23121989, 104049316, 10, 176, 147, 212, 63, 52, 46, 132, 8, 6, 6, 253, 30, 24, 377, 18249, 398, 576, 16476, 2216, 0),
	(31, 23034149, 40504715, 72, 0, 0, 0, 0, 0, 0, 0, 0, 3, 0, 28, 7, 8, 0, 2284, 131, 152, 3173, 0, 2),
	(32, 23034149, 33725606, 21, 50, 34, 79, 88, 46, 31, 1, 2, 2, 2, 61, 11, 12, 2307, 5522, 296, 320, 3713, 0, 0),
	(33, 23034149, 10166977, 80, 46, 0, 0, 0, 0, 0, 2, 2, 2, 1, 117, 0, 12, 1299, 9150, 405, 298, 3374, 0, 0),
	(34, 23034149, 70425873, 91, 29, 0, 73, 0, 0, 0, 3, 3, 9, 1, 15, 8, 9, 1, 1805, 156, 204, 5875, 61, 1),
	(35, 23034149, 93445157, 38, 73, 34, 0, 29, 0, 0, 4, 0, 5, 1, 25, 2, 9, 1, 2460, 169, 186, 3694, 107, 1),
	(36, 23034149, 87608194, 48, 147, 149, 139, 117, 63, 164, 128, 9, 0, 6, 193, 21, 18, 3031, 18021, 765, 712, 10826, 8978, 0),
	(37, 23034149, 46733866, 30, 180, 13, 178, 108, 0, 0, 129, 3, 4, 9, 26, 1, 12, 1122, 7416, 327, 317, 7234, 819, 0),
	(38, 23034149, 469617, 74, 50, 102, 108, 0, 0, 0, 130, 3, 1, 2, 77, 9, 14, 1111, 8388, 367, 401, 5699, 2219, 0),
	(39, 23034149, 97102311, 8, 145, 71, 50, 46, 168, 0, 131, 3, 0, 1, 121, 1, 14, 879, 11170, 431, 412, 2742, 23, 0),
	(40, 23034149, 103957680, 22, 69, 46, 41, 16, 69, 180, 132, 0, 3, 8, 74, 10, 13, 1632, 6549, 360, 356, 8729, 1159, 0),
	(41, 23028238, 86596980, 84, 108, 180, 36, 0, 0, 0, 0, 8, 2, 9, 11, 2, 13, 1248, 7679, 327, 372, 6650, 653, 0),
	(42, 23028238, 63143010, 74, 36, 50, 102, 58, 108, 24, 1, 11, 0, 12, 120, 22, 17, 2376, 14059, 581, 588, 12571, 4516, 0),
	(43, 23028238, 47803133, 48, 63, 212, 36, 26, 52, 46, 2, 5, 6, 13, 84, 1, 14, 181, 10868, 455, 428, 8098, 1915, 0),
	(44, 23028238, 80515252, 23, 92, 125, 63, 36, 149, 0, 3, 0, 4, 4, 54, 0, 12, 335, 8124, 322, 311, 2818, 1087, 0),
	(45, 23028238, 63183365, 6, 147, 149, 63, 164, 36, 46, 4, 6, 2, 9, 127, 28, 15, 3112, 12209, 561, 486, 10172, 4052, 0),
	(46, 23028238, 87159907, 8, 2, 2, 2, 3, 2, 2, 128, 5, 3, 4, 70, 3, 13, 399, 8119, 264, 379, 7050, 0, 0),
	(47, 23028238, 33725606, 26, 44, 36, 63, 42, 31, 0, 129, 4, 4, 5, 14, 4, 11, 681, 3500, 165, 248, 4392, 0, 0),
	(48, 23028238, 64703394, 86, 41, 36, 63, 46, 23, 10, 130, 1, 6, 7, 68, 1, 12, 125, 5374, 221, 320, 7324, 116, 0),
	(49, 23028238, 29994318, 91, 73, 46, 73, 29, 17, 16, 131, 1, 9, 7, 21, 7, 9, 217, 2531, 140, 173, 3072, 0, 0),
	(50, 23028238, 10166977, 14, 29, 31, 36, 92, 46, 17, 132, 2, 9, 5, 44, 5, 10, 703, 3664, 182, 201, 3763, 98, 0),
	(51, 23020238, 63595074, 10, 147, 46, 176, 123, 63, 0, 0, 17, 8, 9, 222, 15, 25, 349, 18236, 414, 672, 17087, 564, 0),
	(52, 23020238, 103346529, 22, 1, 110, 46, 180, 108, 0, 1, 15, 7, 22, 149, 9, 25, 945, 14124, 362, 682, 27822, 380, 0),
	(53, 23020238, 50048735, 79, 42, 46, 77, 0, 180, 102, 2, 5, 11, 15, 70, 14, 18, 1503, 7266, 212, 359, 8891, 217, 0),
	(54, 23020238, 84929305, 56, 98, 65, 29, 141, 0, 0, 3, 4, 8, 5, 200, 4, 20, 2283, 13185, 364, 433, 8835, 677, 0),
	(55, 23020238, 87030863, 30, 108, 46, 188, 36, 73, 63, 4, 1, 13, 10, 103, 4, 18, 276, 8667, 235, 352, 5187, 695, 0),
	(56, 23020238, 72684454, 48, 164, 133, 46, 147, 116, 63, 128, 11, 6, 11, 274, 3, 25, 4176, 20169, 542, 662, 17355, 6590, 0),
	(57, 23020238, 22095842, 26, 100, 31, 188, 29, 37, 73, 129, 5, 11, 6, 41, 1, 19, 2024, 8203, 240, 391, 6678, 260, 0),
	(58, 23020238, 34148651, 1, 63, 145, 11, 81, 46, 143, 130, 4, 9, 10, 96, 5, 19, 798, 11644, 283, 416, 7927, 1273, 0),
	(59, 23020238, 33725606, 33, 1, 116, 46, 119, 79, 180, 131, 5, 6, 18, 167, 7, 22, 1374, 16142, 377, 522, 9156, 2099, 0),
	(60, 23020238, 64703394, 2, 1, 180, 131, 125, 127, 46, 132, 22, 11, 16, 88, 5, 24, 4370, 12789, 389, 647, 26862, 1265, 0),
	(61, 22836564, 46803495, 42, 63, 44, 11, 36, 73, 0, 0, 3, 8, 4, 28, 2, 11, 270, 3439, 184, 276, 2865, 80, 0),
	(62, 22836564, 33725606, 21, 50, 79, 0, 46, 44, 16, 1, 1, 6, 5, 57, 9, 11, 355, 4272, 207, 261, 5009, 0, 0),
	(63, 22836564, 10166977, 53, 65, 108, 29, 36, 0, 0, 2, 3, 8, 7, 112, 0, 14, 1035, 7637, 372, 403, 5073, 285, 0),
	(64, 22836564, 6567960, 5, 39, 73, 46, 41, 15, 29, 3, 2, 11, 9, 41, 4, 11, 139, 2846, 187, 274, 7781, 47, 0),
	(65, 22836564, 52790064, 28, 125, 44, 36, 63, 0, 0, 4, 3, 5, 6, 46, 6, 11, 536, 4499, 215, 273, 3166, 17, 0),
	(66, 22836564, 86254083, 7, 178, 180, 0, 0, 1, 0, 128, 2, 5, 19, 23, 3, 12, 2341, 5260, 304, 305, 7337, 883, 0),
	(67, 22836564, 100113268, 74, 185, 41, 50, 36, 108, 0, 129, 8, 2, 15, 76, 9, 15, 5055, 8809, 520, 476, 12990, 3436, 0),
	(68, 22836564, 17103800, 62, 14, 14, 145, 168, 50, 16, 130, 7, 1, 11, 90, 15, 17, 5563, 10933, 640, 626, 9036, 1580, 0),
	(69, 22836564, 96063931, 2, 63, 125, 119, 1, 0, 0, 131, 11, 2, 13, 89, 5, 17, 2267, 11155, 539, 574, 11190, 999, 0),
	(70, 22836564, 38878300, 52, 50, 46, 121, 188, 73, 21, 132, 10, 4, 14, 82, 7, 15, 5231, 9510, 568, 505, 12142, 3682, 0),
	(71, 22833159, 100113268, 10, 88, 63, 176, 123, 0, 46, 0, 9, 3, 9, 153, 16, 23, 4493, 13181, 479, 779, 11667, 4272, 0),
	(72, 22833159, 77694874, 77, 81, 73, 208, 63, 187, 5, 1, 5, 9, 6, 148, 0, 21, 14, 14845, 422, 612, 9185, 2166, 0),
	(73, 22833159, 93200486, 11, 147, 116, 36, 26, 63, 0, 2, 10, 8, 5, 196, 30, 23, 4005, 14437, 508, 765, 13207, 1103, 0),
	(74, 22833159, 86742154, 21, 102, 164, 46, 63, 88, 166, 3, 3, 7, 7, 181, 12, 17, 1199, 12934, 417, 412, 5959, 797, 0),
	(75, 22833159, 8262556, 53, 65, 63, 152, 168, 147, 0, 4, 11, 9, 13, 160, 0, 19, 1040, 15935, 529, 551, 12112, 3039, 0),
	(76, 22833159, 33725606, 2, 1, 180, 46, 60, 88, 125, 128, 4, 5, 8, 146, 1, 17, 744, 8763, 258, 409, 3390, 0, 0),
	(77, 22833159, 10166977, 23, 152, 92, 69, 50, 46, 141, 129, 9, 7, 6, 223, 10, 21, 1207, 13726, 427, 643, 12559, 26, 0),
	(78, 22833159, 18459252, 22, 42, 41, 100, 0, 0, 180, 130, 6, 10, 13, 69, 2, 16, 199, 7529, 229, 389, 16485, 100, 0),
	(79, 22833159, 29994318, 20, 180, 46, 0, 36, 73, 0, 131, 5, 7, 14, 24, 3, 15, 1375, 4604, 192, 339, 8613, 97, 0),
	(80, 22833159, 6567960, 14, 92, 152, 46, 41, 40, 180, 132, 10, 10, 14, 79, 1, 18, 456, 8776, 287, 488, 14773, 140, 0),
	(81, 22829151, 33725606, 15, 50, 147, 53, 135, 46, 125, 0, 10, 4, 21, 230, 12, 25, 3440, 20736, 472, 636, 22656, 3969, 0),
	(82, 22829151, 10166977, 14, 92, 194, 61, 102, 214, 46, 1, 14, 9, 22, 118, 20, 22, 2283, 13293, 350, 506, 22221, 754, 0),
	(83, 22829151, 18459252, 57, 180, 178, 79, 63, 46, 42, 2, 3, 12, 10, 101, 3, 21, 1730, 9437, 282, 453, 6632, 444, 0),
	(84, 22829151, 29994318, 58, 92, 46, 185, 37, 63, 108, 3, 10, 8, 17, 122, 4, 24, 3781, 11071, 339, 623, 12205, 1163, 0),
	(85, 22829151, 6567960, 54, 98, 152, 48, 172, 137, 46, 4, 12, 8, 19, 206, 1, 25, 2633, 22070, 506, 633, 18423, 2827, 0),
	(86, 22829151, 86739438, 33, 79, 180, 37, 1, 21, 46, 128, 4, 11, 19, 135, 13, 18, 193, 11295, 281, 364, 13333, 1316, 0),
	(87, 22829151, 86710629, 29, 92, 1, 162, 180, 131, 40, 129, 11, 10, 18, 80, 5, 21, 1206, 10835, 266, 471, 14801, 130, 0),
	(88, 22829151, 98727009, 63, 187, 147, 125, 46, 212, 137, 130, 16, 8, 10, 260, 11, 25, 1066, 16811, 467, 635, 28030, 1498, 0),
	(89, 22829151, 93246990, 4, 116, 102, 71, 63, 46, 0, 131, 4, 11, 14, 72, 7, 17, 531, 9155, 230, 309, 10276, 533, 0),
	(90, 22829151, 87082741, 80, 65, 63, 166, 157, 143, 46, 132, 5, 10, 11, 331, 1, 25, 642, 23285, 560, 633, 11057, 4000, 0),
	(91, 22656122, 33725606, 33, 1, 116, 46, 178, 0, 63, 0, 4, 13, 23, 137, 1, 19, 952, 9216, 293, 395, 9607, 163, 0),
	(92, 22656122, 18459252, 6, 63, 164, 147, 149, 51, 46, 1, 11, 12, 18, 167, 15, 21, 734, 15649, 370, 477, 15691, 948, 0),
	(93, 22656122, 52790064, 62, 50, 116, 168, 185, 154, 46, 2, 18, 9, 13, 108, 4, 25, 1710, 16854, 458, 654, 17910, 282, 0),
	(94, 22656122, 10166977, 14, 102, 41, 46, 90, 92, 63, 3, 9, 14, 21, 119, 6, 21, 979, 9721, 323, 496, 15022, 160, 0),
	(95, 22656122, 63651878, 5, 36, 23, 1, 63, 73, 73, 4, 8, 14, 20, 31, 1, 17, 405, 8159, 201, 325, 11859, 100, 0),
	(96, 22656122, 69940845, 21, 98, 96, 0, 102, 50, 46, 128, 15, 6, 18, 145, 4, 23, 1813, 16674, 423, 557, 16906, 3690, 0),
	(97, 22656122, 86773544, 20, 102, 185, 48, 212, 36, 164, 129, 13, 10, 18, 55, 9, 20, 532, 12569, 310, 443, 14171, 1118, 0),
	(98, 22656122, 85616276, 19, 1, 180, 112, 32, 0, 108, 130, 13, 9, 28, 215, 3, 25, 4811, 17297, 523, 670, 23042, 5908, 0),
	(99, 22656122, 94800565, 30, 92, 21, 185, 63, 8, 0, 131, 11, 13, 25, 51, 4, 20, 1265, 12019, 304, 434, 12541, 1089, 0),
	(100, 22656122, 67361579, 17, 121, 37, 36, 41, 48, 0, 132, 7, 12, 20, 154, 14, 25, 4768, 13220, 396, 654, 10360, 1132, 0),
	(101, 22650101, 33725606, 54, 151, 182, 9, 63, 46, 4, 0, 2, 5, 1, 102, 0, 13, 680, 6800, 230, 259, 4213, 0, 0),
	(102, 22650101, 18459252, 47, 75, 36, 50, 75, 73, 0, 1, 6, 10, 1, 49, 8, 13, 364, 5342, 196, 256, 11355, 32, 0),
	(103, 22650101, 40096544, 64, 88, 29, 42, 16, 16, 23, 2, 0, 10, 3, 19, 3, 10, 273, 3219, 117, 175, 3875, 185, 0),
	(104, 22650101, 10166977, 73, 36, 125, 46, 50, 0, 0, 3, 0, 9, 4, 114, 12, 13, 3259, 4999, 273, 266, 5243, 160, 0),
	(105, 22650101, 52790064, 37, 50, 88, 16, 16, 0, 67, 4, 1, 7, 3, 70, 14, 11, 294, 5131, 187, 203, 6766, 57, 0),
	(106, 22650101, 83615674, 18, 178, 90, 73, 63, 86, 73, 128, 1, 3, 12, 98, 8, 14, 733, 11076, 328, 326, 6293, 2338, 0),
	(107, 22650101, 83145830, 23, 13, 145, 13, 149, 63, 0, 129, 4, 1, 9, 112, 5, 16, 4218, 9138, 364, 397, 8576, 1631, 0),
	(108, 22650101, 34105145, 17, 77, 96, 121, 29, 0, 117, 130, 2, 2, 16, 126, 3, 17, 664, 13530, 381, 453, 7702, 1613, 0),
	(109, 22650101, 51980857, 71, 172, 36, 63, 125, 108, 112, 131, 25, 1, 8, 134, 9, 22, 4413, 18384, 563, 766, 19993, 2764, 0),
	(110, 22650101, 15241170, 45, 79, 180, 34, 73, 88, 42, 132, 9, 4, 19, 45, 0, 17, 4469, 7236, 327, 433, 16275, 1812, 0),
	(111, 22642485, 41882541, 77, 81, 63, 116, 168, 46, 0, 0, 2, 4, 10, 224, 0, 19, 4952, 13080, 391, 435, 6949, 5694, 0),
	(112, 22642485, 64703394, 44, 135, 116, 145, 50, 46, 170, 1, 15, 5, 8, 259, 12, 22, 2970, 19934, 482, 534, 17032, 3624, 0),
	(113, 22642485, 33725606, 20, 102, 79, 185, 40, 180, 46, 2, 4, 4, 19, 51, 3, 18, 2220, 9852, 249, 357, 7967, 1658, 0),
	(114, 22642485, 18459252, 14, 40, 46, 90, 63, 0, 41, 3, 11, 9, 10, 66, 6, 19, 4708, 8487, 282, 414, 14601, 2261, 0),
	(115, 22642485, 40096544, 13, 1, 121, 46, 73, 50, 67, 4, 1, 7, 20, 104, 8, 18, 1611, 11513, 288, 361, 10201, 1663, 0),
	(116, 22642485, 65243929, 9, 147, 8, 0, 0, 63, 212, 128, 5, 5, 13, 104, 0, 15, 1000, 10110, 251, 282, 8251, 551, 0),
	(117, 22642485, 9836250, 17, 41, 58, 121, 0, 57, 63, 129, 5, 5, 10, 141, 4, 17, 1721, 12670, 284, 356, 9020, 522, 0),
	(118, 22642485, 13090448, 57, 9, 79, 0, 180, 0, 58, 130, 5, 8, 8, 86, 2, 15, 481, 9965, 240, 277, 7084, 411, 0),
	(119, 22642485, 30642199, 52, 119, 92, 121, 50, 46, 0, 131, 7, 6, 15, 146, 3, 17, 700, 12905, 317, 335, 15670, 1905, 0),
	(120, 22642485, 86715951, 84, 102, 100, 180, 16, 0, 16, 132, 7, 10, 9, 19, 2, 14, 256, 7589, 192, 239, 8345, 708, 0),
	(121, 22628878, 81527610, 54, 151, 182, 36, 63, 46, 0, 0, 1, 6, 5, 107, 4, 13, 603, 5809, 251, 310, 3327, 103, 0),
	(122, 22628878, 17600528, 6, 63, 75, 75, 0, 0, 0, 1, 0, 7, 3, 48, 1, 10, 973, 3185, 165, 211, 3541, 297, 0),
	(123, 22628878, 11114971, 22, 41, 180, 73, 73, 28, 57, 2, 7, 7, 2, 41, 4, 14, 318, 5755, 231, 391, 12955, 90, 0),
	(124, 22628878, 80538604, 31, 50, 94, 13, 46, 16, 0, 3, 2, 8, 3, 21, 2, 9, 682, 3136, 139, 179, 9101, 5, 0),
	(125, 22628878, 43188363, 79, 180, 34, 15, 94, 31, 0, 4, 3, 4, 5, 52, 16, 10, 452, 5256, 194, 198, 7388, 42, 0),
	(126, 22628878, 64703394, 34, 1, 102, 41, 48, 178, 104, 128, 10, 2, 8, 103, 8, 16, 1640, 11580, 444, 484, 18824, 398, 0),
	(127, 22628878, 33725606, 84, 102, 180, 13, 42, 60, 46, 129, 2, 3, 8, 29, 1, 13, 813, 8051, 286, 342, 3625, 984, 0),
	(128, 22628878, 4714470, 50, 36, 63, 92, 0, 178, 0, 130, 2, 5, 2, 60, 7, 11, 3401, 4965, 290, 245, 1563, 484, 0),
	(129, 22628878, 91967901, 56, 63, 98, 117, 36, 133, 135, 131, 15, 0, 3, 195, 11, 22, 3868, 18959, 732, 891, 17880, 11569, 0),
	(130, 22628878, 86770449, 28, 11, 151, 63, 154, 13, 0, 132, 3, 4, 5, 65, 4, 14, 1189, 9063, 343, 364, 3241, 1059, 0),
	(131, 22623341, 51627288, 39, 41, 40, 77, 108, 63, 123, 0, 6, 4, 12, 141, 7, 19, 3306, 13606, 386, 439, 12362, 2274, 0),
	(132, 22623341, 87366869, 40, 50, 147, 152, 0, 212, 0, 1, 4, 5, 14, 119, 5, 18, 2581, 11845, 340, 391, 9409, 2159, 0),
	(133, 22623341, 86742721, 41, 172, 141, 145, 116, 0, 63, 2, 14, 8, 8, 202, 5, 22, 1324, 19960, 494, 602, 15080, 2741, 0),
	(134, 22623341, 100151881, 70, 81, 1, 116, 143, 36, 50, 3, 8, 5, 3, 175, 2, 21, 3294, 13824, 411, 540, 8479, 3616, 0),
	(135, 22623341, 83884400, 22, 41, 39, 190, 0, 121, 29, 4, 4, 6, 25, 86, 14, 20, 2359, 11095, 308, 499, 21736, 934, 0),
	(136, 22623341, 6567960, 9, 174, 50, 69, 36, 212, 0, 128, 2, 8, 16, 93, 4, 16, 381, 9734, 237, 307, 9424, 110, 0),
	(137, 22623341, 64703394, 11, 46, 116, 147, 36, 63, 8, 129, 10, 5, 7, 202, 17, 21, 801, 14634, 369, 564, 15066, 397, 0),
	(138, 22623341, 33725606, 42, 151, 116, 63, 112, 0, 0, 130, 10, 4, 6, 152, 6, 21, 527, 14307, 338, 553, 11603, 130, 0),
	(139, 22623341, 10166977, 62, 116, 46, 63, 0, 145, 71, 131, 5, 9, 5, 153, 19, 19, 1883, 11139, 342, 444, 6308, 559, 0),
	(140, 22623341, 52790064, 33, 178, 90, 180, 46, 188, 0, 132, 0, 10, 12, 110, 3, 14, 198, 8037, 214, 247, 3223, 304, 0),
	(141, 22482262, 6567960, 9, 212, 50, 46, 36, 147, 0, 0, 3, 12, 11, 120, 9, 15, 114, 10167, 257, 257, 9124, 1027, 0),
	(142, 22482262, 18459252, 47, 135, 50, 147, 0, 0, 0, 1, 9, 10, 12, 137, 11, 18, 192, 14794, 321, 355, 12462, 2316, 0),
	(143, 22482262, 29994318, 25, 102, 46, 24, 180, 58, 73, 2, 7, 10, 8, 122, 1, 17, 832, 10769, 267, 320, 8001, 1058, 0),
	(144, 22482262, 64703394, 21, 102, 96, 36, 46, 50, 0, 3, 3, 8, 7, 164, 15, 17, 1529, 11424, 292, 334, 8060, 655, 0),
	(145, 22482262, 91942756, 78, 1, 50, 185, 108, 0, 0, 4, 3, 7, 12, 158, 11, 19, 27, 11326, 283, 376, 11516, 970, 0),
	(146, 22482262, 99382362, 14, 114, 180, 131, 108, 46, 0, 128, 16, 6, 7, 113, 9, 23, 2475, 14970, 342, 580, 15112, 1454, 0),
	(147, 22482262, 10166977, 69, 65, 112, 125, 48, 114, 137, 129, 5, 3, 23, 319, 11, 25, 7487, 25640, 651, 641, 14585, 4605, 0),
	(148, 22482262, 33725606, 29, 1, 79, 9, 180, 4, 46, 130, 3, 4, 22, 87, 2, 19, 4047, 9600, 271, 376, 8439, 818, 0),
	(149, 22482262, 52790064, 81, 178, 116, 154, 185, 46, 63, 131, 14, 8, 11, 152, 11, 21, 4292, 13281, 376, 487, 10564, 3360, 0),
	(150, 22482262, 63651878, 84, 36, 202, 50, 0, 46, 0, 132, 4, 5, 15, 41, 12, 18, 2319, 8929, 227, 347, 7751, 106, 0),
	(151, 22475662, 10166977, 39, 96, 141, 108, 41, 48, 46, 0, 22, 2, 10, 228, 21, 25, 4467, 21974, 520, 669, 22300, 4348, 0),
	(152, 22475662, 6567960, 86, 100, 37, 46, 36, 90, 180, 1, 5, 6, 24, 142, 15, 21, 1366, 13168, 352, 476, 9592, 1134, 0),
	(153, 22475662, 33725606, 20, 102, 79, 0, 180, 36, 46, 2, 2, 8, 19, 49, 4, 16, 1636, 8473, 221, 297, 5790, 441, 0),
	(154, 22475662, 18459252, 16, 46, 180, 1, 108, 0, 36, 3, 6, 10, 16, 101, 11, 18, 882, 11157, 289, 361, 11406, 652, 0),
	(155, 22475662, 70066759, 28, 151, 116, 46, 112, 63, 125, 4, 11, 6, 15, 189, 13, 22, 2932, 17709, 450, 552, 11022, 3754, 0),
	(156, 22475662, 69398734, 14, 36, 90, 180, 125, 0, 0, 128, 6, 9, 7, 96, 6, 18, 708, 9242, 222, 364, 9293, 0, 0),
	(157, 22475662, 52790064, 77, 187, 116, 63, 81, 46, 8, 129, 5, 4, 7, 186, 2, 21, 2064, 10780, 287, 483, 7059, 139, 0),
	(158, 22475662, 64703394, 72, 152, 63, 36, 46, 212, 116, 130, 9, 9, 10, 196, 22, 19, 545, 12054, 304, 424, 12641, 327, 0),
	(159, 22475662, 63651878, 40, 63, 212, 42, 0, 73, 73, 131, 3, 12, 13, 35, 4, 15, 512, 6245, 159, 258, 7911, 55, 0),
	(160, 22475662, 29994318, 27, 100, 46, 92, 180, 31, 40, 132, 7, 13, 11, 113, 3, 17, 1069, 7086, 232, 323, 10905, 0, 0),
	(161, 22425364, 20907587, 26, 79, 214, 185, 36, 23, 73, 0, 3, 4, 6, 40, 2, 14, 118, 9555, 187, 219, 5460, 114, 0),
	(162, 22425364, 1694643, 56, 98, 212, 36, 63, 46, 135, 1, 5, 8, 9, 168, 7, 19, 589, 13804, 319, 386, 11115, 2006, 0),
	(163, 22425364, 4821362, 13, 88, 100, 63, 1, 96, 0, 2, 3, 3, 13, 157, 7, 18, 215, 14439, 290, 358, 10526, 298, 0),
	(164, 22425364, 59108232, 62, 145, 116, 164, 112, 63, 0, 3, 3, 10, 10, 232, 3, 21, 61, 18915, 407, 448, 8804, 1172, 0),
	(165, 22425364, 3906782, 14, 92, 116, 41, 50, 131, 108, 4, 16, 6, 7, 168, 9, 22, 1766, 14204, 375, 489, 19577, 128, 0),
	(166, 22425364, 10166977, 86, 0, 50, 31, 1, 46, 24, 128, 8, 7, 16, 111, 11, 21, 4677, 9204, 303, 481, 11835, 1031, 0),
	(167, 22425364, 6567960, 49, 116, 50, 46, 112, 185, 164, 129, 4, 6, 17, 164, 12, 21, 2582, 16640, 369, 480, 11449, 2579, 0),
	(168, 22425364, 33725606, 47, 147, 40, 149, 63, 46, 125, 130, 13, 6, 9, 146, 8, 21, 5054, 12826, 368, 468, 12209, 2763, 0),
	(169, 22425364, 52790064, 38, 0, 9, 73, 63, 88, 194, 131, 3, 4, 17, 111, 3, 17, 3110, 11363, 286, 311, 6175, 647, 0),
	(170, 22425364, 63651878, 30, 108, 0, 0, 73, 73, 63, 132, 3, 7, 18, 21, 13, 18, 1225, 9460, 207, 336, 5607, 998, 0),
	(171, 22113734, 86125114, 16, 36, 1, 180, 182, 0, 0, 0, 6, 9, 6, 70, 1, 14, 911, 7109, 257, 316, 6864, 126, 0),
	(172, 22113734, 91356481, 59, 8, 63, 0, 13, 164, 21, 1, 7, 13, 4, 84, 2, 16, 753, 7310, 293, 429, 12141, 412, 0),
	(173, 22113734, 86819839, 52, 21, 36, 8, 180, 0, 46, 2, 8, 12, 7, 50, 1, 13, 1385, 5439, 254, 286, 7381, 1389, 0),
	(174, 22113734, 6567960, 86, 131, 178, 46, 34, 180, 0, 3, 3, 10, 9, 62, 2, 14, 662, 6201, 223, 299, 6677, 231, 0),
	(175, 22113734, 33725606, 33, 1, 178, 46, 180, 42, 73, 4, 0, 9, 6, 78, 6, 12, 848, 6014, 213, 247, 2939, 583, 0),
	(176, 22113734, 78200220, 40, 108, 0, 63, 71, 0, 181, 128, 6, 9, 10, 66, 9, 15, 1935, 7301, 304, 364, 6797, 1081, 0),
	(177, 22113734, 101284080, 5, 36, 63, 0, 60, 73, 73, 129, 5, 6, 11, 47, 1, 18, 2054, 6694, 297, 511, 7819, 586, 0),
	(178, 22113734, 90446736, 14, 41, 92, 50, 131, 0, 0, 130, 5, 10, 13, 22, 1, 17, 1151, 6939, 274, 468, 11974, 342, 0),
	(179, 22113734, 26643015, 44, 145, 81, 133, 116, 11, 50, 131, 16, 0, 13, 190, 12, 23, 4977, 18971, 653, 836, 16807, 3739, 0),
	(180, 22113734, 48862624, 10, 147, 176, 75, 63, 123, 0, 132, 21, 2, 8, 213, 16, 22, 2870, 18481, 616, 772, 18311, 2413, 0),
	(181, 22109715, 69379337, 8, 29, 46, 16, 14, 14, 0, 0, 0, 3, 1, 20, 2, 5, 539, 1498, 169, 189, 1158, 0, 1),
	(182, 22109715, 100601383, 25, 44, 73, 0, 0, 29, 0, 1, 0, 2, 1, 20, 0, 6, 369, 1600, 174, 244, 1375, 92, 1),
	(183, 22109715, 88983879, 23, 13, 17, 44, 0, 11, 29, 2, 1, 2, 0, 18, 0, 6, 359, 1743, 185, 256, 1936, 48, 1),
	(184, 22109715, 103941838, 62, 14, 29, 14, 0, 16, 16, 3, 1, 1, 0, 10, 0, 5, 799, 1096, 148, 194, 1164, 0, 1),
	(185, 22109715, 25181520, 11, 75, 44, 41, 16, 16, 0, 4, 1, 4, 0, 14, 4, 6, 2, 1986, 161, 220, 1483, 0, 3),
	(186, 22109715, 6567960, 86, 12, 178, 46, 29, 16, 16, 128, 2, 1, 0, 33, 3, 8, 906, 2141, 270, 413, 2191, 37, 0),
	(187, 22109715, 33725606, 33, 178, 180, 38, 16, 16, 44, 129, 0, 0, 3, 39, 1, 7, 199, 2749, 239, 315, 649, 7, 0),
	(188, 22109715, 35074348, 47, 50, 56, 16, 16, 88, 16, 130, 3, 0, 2, 35, 10, 9, 887, 3424, 324, 514, 5769, 225, 0),
	(189, 22109715, 23733605, 14, 41, 29, 0, 92, 16, 0, 131, 4, 0, 0, 16, 3, 8, 400, 2544, 236, 450, 3883, 0, 0),
	(190, 22109715, 87187980, 9, 36, 44, 14, 0, 29, 16, 132, 3, 2, 4, 11, 1, 7, 1295, 1662, 261, 340, 4367, 133, 0),
	(191, 21756760, 91415850, 35, 147, 36, 63, 116, 75, 75, 0, 8, 4, 19, 154, 32, 18, 3303, 12964, 509, 557, 13227, 3864, 0),
	(192, 21756760, 32007948, 16, 39, 61, 46, 63, 73, 73, 1, 6, 6, 14, 37, 9, 17, 3482, 5237, 290, 481, 8204, 452, 0),
	(193, 21756760, 6567960, 17, 121, 41, 48, 181, 30, 0, 2, 14, 5, 18, 103, 5, 22, 2917, 10644, 456, 771, 15773, 890, 0),
	(194, 21756760, 33725606, 68, 102, 79, 0, 185, 0, 63, 3, 7, 2, 16, 57, 3, 17, 1658, 9607, 337, 468, 9882, 1120, 0),
	(195, 21756760, 29994318, 51, 180, 46, 90, 92, 21, 23, 4, 16, 3, 21, 63, 12, 19, 2310, 10056, 423, 630, 16511, 957, 0),
	(196, 21756760, 99693631, 11, 50, 116, 36, 1, 0, 44, 128, 4, 9, 9, 133, 17, 16, 727, 8959, 322, 412, 9094, 55, 0),
	(197, 21756760, 43251529, 62, 11, 71, 63, 5, 69, 0, 129, 7, 12, 3, 22, 1, 14, 474, 5994, 221, 331, 7556, 0, 0),
	(198, 21756760, 99364868, 55, 125, 29, 88, 131, 0, 0, 130, 3, 11, 5, 103, 0, 15, 663, 5953, 249, 401, 3406, 26, 0),
	(199, 21756760, 93066838, 26, 36, 50, 73, 42, 0, 46, 131, 4, 15, 9, 22, 0, 13, 821, 4409, 188, 277, 8450, 98, 0),
	(200, 21756760, 17903931, 21, 50, 102, 46, 16, 88, 67, 132, 0, 6, 8, 117, 14, 15, 686, 7236, 261, 386, 6917, 244, 0),
	(201, 21751173, 99363885, 1, 63, 147, 116, 36, 145, 143, 0, 10, 6, 10, 267, 11, 25, 816, 19579, 461, 671, 12633, 1394, 0),
	(202, 21751173, 86888370, 79, 180, 36, 204, 102, 46, 41, 1, 17, 7, 3, 119, 8, 22, 983, 13679, 324, 536, 15919, 1014, 0),
	(203, 21751173, 41572798, 75, 96, 46, 0, 0, 0, 63, 2, 1, 9, 10, 136, 5, 18, 888, 9059, 250, 379, 7089, 355, 0),
	(204, 21751173, 5779937, 53, 96, 98, 0, 63, 108, 12, 3, 2, 8, 10, 279, 2, 19, 126, 16045, 376, 411, 9694, 432, 0),
	(205, 21751173, 97799094, 5, 36, 185, 46, 63, 0, 42, 4, 4, 13, 12, 22, 10, 15, 271, 6104, 154, 268, 9827, 187, 0),
	(206, 21751173, 82475885, 28, 63, 36, 116, 164, 53, 151, 128, 8, 5, 5, 171, 14, 22, 2620, 14339, 358, 566, 10143, 1818, 0),
	(207, 21751173, 52147317, 30, 34, 214, 185, 188, 60, 46, 129, 2, 9, 13, 33, 2, 15, 1598, 6671, 189, 276, 6396, 274, 0),
	(208, 21751173, 6567960, 39, 63, 41, 46, 36, 108, 24, 130, 8, 9, 13, 163, 20, 24, 3724, 11277, 352, 645, 11124, 1127, 0),
	(209, 21751173, 33725606, 25, 102, 180, 42, 79, 185, 46, 131, 8, 6, 10, 34, 4, 19, 1688, 9255, 232, 405, 7362, 1116, 0),
	(210, 21751173, 64703394, 8, 50, 164, 185, 147, 0, 145, 132, 16, 5, 10, 276, 20, 25, 4452, 17304, 509, 678, 22400, 2476, 0),
	(211, 21745818, 100461366, 44, 0, 0, 0, 0, 0, 0, 0, 1, 2, 1, 20, 2, 8, 1540, 3081, 176, 132, 425, 126, 4),
	(212, 21745818, 86798661, 21, 50, 88, 46, 102, 44, 0, 1, 3, 5, 8, 41, 2, 12, 2784, 4595, 279, 282, 7990, 1404, 0),
	(213, 21745818, 6567960, 41, 145, 172, 46, 11, 180, 71, 2, 7, 3, 5, 152, 11, 18, 2798, 10749, 453, 629, 7713, 1675, 0),
	(214, 21745818, 33725606, 22, 102, 100, 15, 180, 41, 46, 3, 6, 2, 6, 63, 2, 16, 1101, 8004, 326, 494, 10990, 319, 0),
	(215, 21745818, 64703394, 25, 1, 36, 180, 46, 60, 0, 4, 11, 6, 7, 71, 4, 18, 1657, 8194, 378, 673, 13233, 829, 0),
	(216, 21745818, 45129525, 62, 0, 0, 0, 0, 0, 0, 128, 2, 5, 0, 43, 6, 9, 2, 2917, 167, 161, 2618, 0, 1),
	(217, 21745818, 43121821, 40, 0, 0, 0, 0, 0, 0, 129, 1, 4, 4, 9, 5, 8, 2, 2134, 129, 144, 4165, 0, 1),
	(218, 21745818, 3978465, 75, 67, 102, 77, 36, 42, 63, 130, 5, 4, 4, 94, 6, 16, 1473, 7844, 345, 494, 7293, 53, 1),
	(219, 21745818, 11468833, 7, 180, 1, 0, 16, 13, 0, 131, 1, 7, 5, 26, 4, 12, 363, 5066, 214, 314, 3715, 25, 1),
	(220, 21745818, 58938984, 10, 75, 75, 63, 24, 0, 0, 132, 8, 8, 0, 89, 1, 15, 1665, 6121, 352, 480, 9471, 103, 1),
	(221, 21735655, 6567960, 33, 1, 96, 48, 79, 0, 0, 0, 9, 9, 22, 173, 6, 23, 2735, 18111, 425, 545, 13242, 3240, 0),
	(222, 21735655, 68078289, 29, 180, 127, 46, 1, 125, 137, 1, 8, 8, 26, 104, 3, 25, 2975, 15079, 393, 635, 14858, 1379, 0),
	(223, 21735655, 33725606, 15, 50, 147, 135, 116, 139, 0, 2, 11, 5, 23, 286, 18, 24, 695, 24176, 541, 600, 20098, 5822, 0),
	(224, 21735655, 33116958, 44, 50, 145, 71, 156, 11, 0, 3, 10, 10, 13, 116, 6, 22, 2992, 13480, 367, 515, 11783, 1423, 0),
	(225, 21735655, 22415097, 62, 141, 51, 116, 63, 81, 168, 4, 13, 8, 18, 86, 3, 22, 2151, 20899, 463, 510, 15898, 1857, 0),
	(226, 21735655, 93992290, 6, 152, 63, 141, 75, 75, 46, 128, 8, 12, 8, 154, 12, 22, 713, 12676, 319, 499, 9407, 705, 0),
	(227, 21735655, 62925376, 5, 214, 28, 23, 108, 46, 0, 129, 1, 13, 12, 83, 3, 18, 319, 7360, 208, 358, 9298, 130, 0),
	(228, 21735655, 38020251, 28, 116, 112, 1, 63, 0, 164, 130, 13, 6, 11, 142, 7, 23, 392, 16854, 344, 584, 13979, 480, 0),
	(229, 21735655, 1963699, 18, 151, 4, 164, 73, 63, 9, 131, 0, 17, 23, 139, 2, 18, 430, 11945, 279, 357, 12935, 388, 0),
	(230, 21735655, 11513767, 1, 116, 139, 125, 145, 63, 143, 132, 15, 4, 10, 252, 14, 25, 780, 22150, 459, 649, 16217, 403, 0),
	(231, 21704879, 6567960, 20, 102, 50, 46, 36, 212, 60, 0, 6, 9, 19, 69, 11, 17, 1037, 8872, 311, 473, 8081, 834, 0),
	(232, 21704879, 33725606, 33, 1, 116, 63, 178, 193, 46, 1, 5, 3, 20, 109, 5, 17, 1455, 13118, 426, 489, 6880, 1226, 0),
	(233, 21704879, 41536950, 6, 141, 139, 0, 63, 75, 75, 2, 11, 3, 9, 135, 10, 19, 1349, 14910, 486, 571, 12420, 3932, 0),
	(234, 21704879, 41637448, 62, 41, 145, 168, 61, 0, 63, 3, 7, 6, 7, 128, 7, 19, 1136, 13145, 461, 578, 8295, 337, 0),
	(235, 21704879, 81753180, 84, 178, 102, 180, 46, 108, 0, 4, 7, 4, 23, 69, 1, 18, 1299, 9545, 336, 515, 9398, 652, 0),
	(236, 21704879, 26198836, 61, 81, 63, 40, 10, 0, 0, 128, 3, 8, 6, 78, 3, 15, 811, 5311, 218, 356, 6929, 301, 0),
	(237, 21704879, 87051093, 66, 88, 180, 193, 0, 94, 0, 129, 8, 4, 3, 118, 2, 15, 1231, 7703, 285, 397, 5812, 621, 0),
	(238, 21704879, 44990019, 18, 21, 39, 44, 73, 63, 0, 130, 0, 11, 6, 58, 2, 11, 172, 3998, 175, 222, 3644, 159, 0),
	(239, 21704879, 81371578, 34, 102, 41, 178, 48, 0, 40, 131, 8, 7, 5, 61, 6, 16, 435, 7430, 262, 438, 12290, 60, 0),
	(240, 21704879, 41160607, 36, 50, 40, 69, 46, 60, 77, 132, 5, 7, 9, 77, 5, 13, 1197, 5564, 229, 288, 6763, 296, 0),
	(241, 21694952, 6567960, 32, 174, 152, 48, 147, 0, 212, 0, 29, 5, 10, 95, 4, 25, 594, 20784, 527, 859, 28843, 1261, 0),
	(242, 21694952, 33725606, 52, 180, 185, 36, 131, 60, 46, 1, 4, 6, 18, 43, 4, 16, 857, 10322, 305, 395, 8328, 2380, 0),
	(243, 21694952, 64703394, 2, 1, 127, 180, 46, 125, 61, 2, 8, 5, 15, 154, 7, 21, 4282, 10800, 445, 655, 11052, 544, 0),
	(244, 21694952, 92823771, 77, 208, 116, 81, 63, 55, 0, 3, 6, 4, 9, 186, 0, 21, 1171, 16485, 490, 657, 8543, 4258, 0),
	(245, 21694952, 32166688, 23, 152, 145, 141, 11, 63, 0, 4, 7, 3, 8, 265, 7, 21, 3663, 16228, 557, 646, 9104, 1569, 0),
	(246, 21694952, 93898181, 16, 1, 0, 92, 46, 180, 0, 128, 5, 9, 7, 102, 4, 16, 1716, 6093, 262, 375, 8066, 0, 0),
	(247, 21694952, 104013274, 45, 50, 36, 60, 73, 23, 21, 129, 8, 11, 8, 78, 2, 15, 524, 7549, 237, 347, 9804, 0, 0),
	(248, 21694952, 52995619, 20, 29, 212, 46, 42, 40, 0, 130, 3, 13, 9, 31, 5, 12, 557, 3415, 147, 216, 5483, 0, 0),
	(249, 21694952, 92767865, 81, 151, 185, 63, 21, 17, 16, 131, 2, 9, 9, 108, 12, 17, 142, 7844, 240, 403, 5720, 124, 0),
	(250, 21694952, 91415166, 25, 43, 41, 73, 73, 29, 46, 132, 4, 12, 5, 40, 5, 15, 200, 5130, 166, 317, 7824, 11, 0),
	(251, 21679105, 86719463, 18, 178, 63, 36, 210, 21, 0, 0, 5, 10, 7, 124, 0, 17, 442, 8214, 259, 360, 8759, 247, 0),
	(252, 21679105, 91614040, 16, 116, 36, 73, 73, 63, 0, 1, 6, 12, 5, 100, 3, 15, 143, 7419, 231, 281, 12823, 54, 0),
	(253, 21679105, 103622388, 8, 46, 162, 0, 63, 18, 0, 2, 0, 9, 5, 68, 5, 12, 300, 5703, 166, 194, 5541, 0, 0),
	(254, 21679105, 13184535, 36, 108, 63, 0, 77, 36, 0, 3, 4, 8, 12, 57, 1, 17, 839, 6844, 201, 364, 13175, 5, 0),
	(255, 21679105, 92536062, 9, 63, 75, 36, 174, 46, 0, 4, 5, 7, 14, 93, 3, 17, 1329, 6940, 244, 371, 12144, 59, 0),
	(256, 21679105, 41882541, 60, 0, 50, 41, 125, 46, 116, 128, 11, 5, 15, 67, 6, 19, 3307, 10508, 329, 457, 15692, 1463, 0),
	(257, 21679105, 33725606, 40, 180, 90, 46, 108, 30, 0, 129, 8, 4, 20, 106, 2, 20, 3390, 12517, 368, 487, 16700, 1251, 0),
	(258, 21679105, 80954739, 50, 79, 36, 21, 29, 23, 60, 130, 5, 6, 18, 29, 12, 16, 1891, 7940, 256, 335, 7051, 1201, 0),
	(259, 21679105, 42009864, 1, 147, 116, 145, 63, 52, 81, 131, 19, 3, 9, 224, 4, 24, 2438, 21850, 540, 709, 18461, 3752, 0),
	(260, 21679105, 99286178, 78, 154, 50, 36, 81, 60, 21, 132, 3, 5, 26, 81, 0, 19, 1188, 12759, 310, 466, 9057, 2270, 0),
	(261, 21594230, 8838707, 50, 79, 88, 180, 60, 46, 42, 0, 4, 3, 5, 69, 6, 14, 3201, 7997, 311, 329, 3491, 1319, 0),
	(262, 21594230, 91592973, 1, 11, 125, 145, 88, 147, 63, 1, 5, 4, 2, 167, 2, 17, 1174, 14145, 450, 482, 5169, 2311, 0),
	(263, 21594230, 6567960, 29, 180, 1, 46, 41, 36, 110, 2, 5, 6, 17, 80, 4, 18, 1124, 11107, 364, 502, 16126, 715, 0),
	(264, 21594230, 33725606, 33, 1, 116, 88, 178, 63, 46, 3, 2, 3, 11, 120, 5, 16, 2562, 9324, 351, 402, 3886, 2604, 0),
	(265, 21594230, 102316510, 10, 63, 176, 36, 71, 123, 46, 4, 13, 0, 9, 159, 30, 21, 6536, 12999, 550, 680, 18344, 4208, 0),
	(266, 21594230, 104453970, 11, 41, 36, 63, 1, 170, 75, 128, 5, 7, 4, 181, 8, 16, 1785, 8722, 346, 419, 8573, 181, 0),
	(267, 21594230, 87620724, 76, 102, 63, 77, 77, 42, 41, 129, 4, 6, 1, 70, 6, 13, 258, 6440, 212, 262, 3865, 170, 0),
	(268, 21594230, 99662676, 74, 42, 73, 50, 73, 28, 0, 130, 1, 5, 8, 27, 6, 12, 491, 4130, 150, 238, 7373, 142, 0),
	(269, 21594230, 96534609, 44, 50, 81, 36, 75, 71, 75, 131, 4, 8, 4, 76, 5, 13, 82, 6788, 230, 271, 7316, 194, 0),
	(270, 21594230, 87009345, 39, 108, 41, 63, 0, 0, 15, 132, 1, 4, 8, 106, 6, 14, 866, 7241, 246, 316, 8005, 8, 0),
	(271, 21588421, 66228949, 33, 1, 46, 63, 178, 36, 116, 0, 4, 11, 12, 187, 2, 19, 414, 9539, 306, 417, 7822, 301, 0),
	(272, 21588421, 56130721, 19, 1, 180, 55, 185, 9, 4, 1, 5, 7, 12, 135, 12, 20, 548, 10939, 281, 449, 13639, 387, 0),
	(273, 21588421, 51852240, 6, 71, 36, 152, 63, 170, 21, 2, 3, 10, 10, 121, 3, 18, 671, 9149, 238, 397, 8076, 481, 0),
	(274, 21588421, 6567960, 44, 145, 116, 46, 36, 26, 63, 3, 7, 7, 9, 196, 10, 19, 1700, 12898, 331, 444, 10459, 0, 0),
	(275, 21588421, 33725606, 5, 86, 63, 73, 94, 44, 0, 4, 4, 14, 13, 19, 3, 15, 759, 4697, 150, 255, 7419, 0, 0),
	(276, 21588421, 89628232, 78, 1, 180, 125, 108, 112, 0, 128, 3, 6, 14, 124, 4, 20, 361, 15774, 377, 477, 6868, 1218, 0),
	(277, 21588421, 92629044, 55, 50, 90, 125, 108, 178, 53, 129, 11, 4, 14, 192, 0, 21, 2157, 15733, 405, 534, 14347, 740, 0),
	(278, 21588421, 75056733, 15, 141, 164, 135, 63, 125, 154, 130, 7, 2, 11, 267, 15, 22, 294, 22644, 478, 572, 13554, 3020, 0),
	(279, 21588421, 57167357, 52, 121, 102, 63, 185, 61, 53, 131, 14, 8, 11, 97, 8, 23, 831, 15843, 384, 628, 13552, 4288, 0),
	(280, 21588421, 35296449, 7, 0, 180, 1, 67, 108, 69, 132, 12, 4, 20, 60, 9, 21, 1034, 13934, 324, 497, 18626, 705, 0),
	(281, 21583757, 102938001, 12, 81, 63, 11, 16, 154, 0, 0, 3, 9, 2, 31, 1, 10, 924, 8623, 619, 313, 6836, 0, 0),
	(282, 21583757, 97475931, 83, 0, 0, 0, 0, 0, 0, 1, 1, 5, 0, 12, 4, 6, 1, 696, 118, 117, 1920, 0, 3),
	(283, 21583757, 33240526, 26, 0, 0, 0, 0, 0, 0, 2, 0, 5, 3, 2, 0, 5, 1, 592, 99, 83, 1884, 0, 1),
	(284, 21583757, 11551519, 20, 0, 0, 0, 0, 0, 0, 3, 0, 10, 2, 3, 1, 5, 1, 920, 138, 93, 1047, 0, 1),
	(285, 21583757, 104939624, 38, 0, 0, 0, 0, 0, 0, 4, 1, 6, 2, 15, 0, 7, 1, 1058, 222, 155, 4352, 0, 1),
	(286, 21583757, 94336778, 79, 102, 180, 77, 36, 39, 0, 128, 3, 1, 5, 34, 3, 10, 1731, 5792, 384, 292, 3540, 1908, 0),
	(287, 21583757, 100873638, 1, 63, 36, 182, 145, 55, 56, 129, 2, 0, 3, 101, 10, 12, 949, 9959, 557, 451, 2835, 2126, 0),
	(288, 21583757, 84426537, 17, 41, 121, 69, 60, 0, 0, 130, 10, 2, 10, 75, 0, 14, 3252, 8600, 614, 614, 11383, 519, 0),
	(289, 21583757, 6567960, 6, 172, 50, 30, 75, 168, 143, 131, 19, 1, 5, 76, 9, 16, 2474, 12244, 758, 762, 22749, 2581, 0),
	(290, 21583757, 33725606, 50, 44, 180, 185, 5, 16, 3, 132, 1, 1, 4, 33, 3, 10, 941, 6594, 373, 302, 3002, 1563, 0),
	(291, 21424103, 100941738, 32, 196, 71, 63, 139, 22, 16, 0, 21, 2, 10, 100, 2, 23, 1843, 13681, 422, 704, 19877, 414, 0),
	(292, 21424103, 94314889, 12, 125, 28, 174, 63, 149, 0, 1, 5, 3, 20, 69, 1, 17, 2344, 9818, 302, 408, 9139, 820, 0),
	(293, 21424103, 15888431, 9, 63, 94, 137, 168, 75, 69, 2, 15, 5, 17, 165, 4, 21, 4661, 14613, 497, 584, 20408, 4081, 0),
	(294, 21424103, 60348526, 74, 102, 36, 50, 0, 108, 0, 3, 8, 6, 19, 84, 1, 18, 3593, 9099, 330, 428, 12509, 1512, 0),
	(295, 21424103, 100121165, 50, 79, 180, 36, 88, 90, 69, 4, 2, 3, 19, 131, 6, 19, 3442, 11528, 364, 475, 6393, 1081, 0),
	(296, 21424103, 8199559, 26, 0, 0, 0, 0, 0, 0, 128, 1, 11, 3, 18, 0, 10, 3, 3050, 132, 157, 4387, 12, 2),
	(297, 21424103, 50165481, 40, 21, 22, 23, 0, 212, 63, 129, 5, 13, 8, 53, 10, 14, 85, 6700, 216, 262, 14850, 134, 0),
	(298, 21424103, 33116958, 2, 1, 125, 0, 29, 0, 0, 130, 3, 12, 6, 61, 0, 14, 315, 5420, 206, 295, 6020, 84, 0),
	(299, 21424103, 33725606, 15, 50, 0, 212, 154, 0, 125, 131, 5, 6, 5, 125, 18, 18, 94, 10456, 292, 448, 20098, 439, 0),
	(300, 21424103, 79384006, 27, 36, 108, 73, 10, 0, 50, 132, 2, 9, 7, 94, 9, 14, 106, 7944, 236, 277, 8677, 691, 0),
	(301, 20895537, 43323614, 76, 121, 63, 96, 58, 77, 108, 0, 23, 1, 9, 185, 2, 25, 1328, 22264, 504, 728, 24289, 1966, 0),
	(302, 20895537, 68904471, 4, 11, 63, 127, 44, 170, 102, 1, 7, 7, 15, 87, 5, 19, 3841, 8640, 314, 420, 9373, 1317, 0),
	(303, 20895537, 33116958, 26, 79, 73, 73, 48, 21, 23, 2, 5, 6, 13, 63, 9, 19, 2414, 9111, 272, 461, 7124, 620, 0),
	(304, 20895537, 39553214, 56, 212, 98, 63, 36, 135, 0, 3, 9, 4, 14, 104, 15, 20, 771, 14809, 357, 505, 10401, 2352, 0),
	(305, 20895537, 33725606, 68, 50, 102, 30, 185, 86, 0, 4, 3, 5, 22, 28, 28, 17, 2336, 8417, 237, 350, 10737, 736, 0),
	(306, 20895537, 33174111, 62, 71, 88, 6, 63, 154, 0, 128, 6, 9, 6, 52, 2, 17, 1019, 8234, 231, 366, 10522, 521, 0),
	(307, 20895537, 86744681, 40, 102, 63, 46, 88, 36, 0, 129, 4, 10, 4, 49, 6, 14, 719, 6819, 197, 245, 9070, 143, 0),
	(308, 20895537, 98507983, 70, 1, 81, 116, 63, 0, 0, 130, 7, 12, 8, 92, 6, 19, 124, 10844, 271, 424, 13424, 0, 0),
	(309, 20895537, 19648555, 41, 11, 63, 75, 172, 22, 18, 131, 3, 12, 5, 47, 0, 14, 296, 5835, 180, 251, 3709, 211, 0),
	(310, 20895537, 26210956, 83, 180, 73, 125, 73, 46, 0, 132, 3, 6, 5, 26, 1, 14, 774, 5550, 155, 231, 6349, 132, 0),
	(311, 20467062, 100500041, 74, 57, 108, 102, 50, 58, 0, 0, 5, 1, 15, 130, 25, 18, 2812, 12594, 420, 511, 11276, 2490, 0),
	(312, 20467062, 87534862, 1, 46, 147, 135, 145, 63, 11, 1, 15, 1, 8, 212, 2, 22, 3866, 17340, 605, 758, 13458, 5871, 0),
	(313, 20467062, 10382566, 23, 73, 125, 63, 56, 36, 73, 2, 0, 8, 9, 43, 2, 15, 1108, 7760, 266, 358, 5523, 346, 0),
	(314, 20467062, 60720264, 54, 34, 151, 11, 143, 63, 55, 3, 5, 3, 7, 150, 1, 17, 3559, 10341, 411, 480, 5808, 1820, 0),
	(315, 20467062, 104760125, 13, 41, 194, 36, 77, 63, 46, 4, 1, 5, 9, 118, 3, 16, 2114, 9684, 350, 394, 8454, 1009, 0),
	(316, 20467062, 89389179, 17, 29, 41, 36, 121, 0, 0, 128, 4, 6, 7, 76, 4, 14, 157, 7204, 229, 336, 8167, 356, 0),
	(317, 20467062, 6567960, 44, 145, 36, 46, 164, 63, 21, 129, 6, 5, 7, 138, 13, 17, 581, 10973, 353, 465, 9914, 878, 0),
	(318, 20467062, 33725606, 20, 180, 79, 46, 36, 73, 188, 130, 5, 5, 9, 23, 3, 14, 116, 6775, 195, 327, 6072, 427, 0),
	(319, 20467062, 82990321, 83, 9, 182, 29, 1, 137, 4, 131, 2, 4, 6, 151, 7, 15, 171, 11170, 325, 356, 5999, 129, 0),
	(320, 20467062, 101021229, 3, 42, 180, 60, 23, 178, 0, 132, 1, 6, 4, 39, 2, 12, 105, 5360, 174, 251, 4622, 190, 0),
	(321, 18716210, 64703394, 19, 1, 180, 30, 48, 108, 55, 0, 15, 5, 16, 109, 8, 22, 452, 15879, 429, 663, 20174, 2407, 0),
	(322, 18716210, 33725606, 5, 180, 86, 94, 73, 73, 46, 1, 1, 7, 13, 19, 2, 14, 1008, 7041, 202, 298, 5461, 92, 0),
	(323, 18716210, 37151403, 39, 63, 41, 96, 46, 60, 77, 2, 11, 5, 15, 116, 11, 21, 3397, 11804, 418, 641, 16500, 2031, 0),
	(324, 18716210, 84108262, 67, 24, 63, 125, 137, 170, 0, 3, 16, 5, 19, 107, 4, 22, 2070, 14099, 434, 699, 15192, 1698, 0),
	(325, 18716210, 97342114, 9, 147, 50, 212, 75, 135, 0, 4, 7, 3, 13, 161, 15, 20, 1488, 15180, 476, 594, 9784, 4005, 0),
	(326, 18716210, 12663660, 84, 92, 36, 180, 0, 0, 0, 128, 0, 7, 10, 24, 1, 14, 1, 4534, 150, 274, 6421, 54, 2),
	(327, 18716210, 103801088, 47, 181, 75, 71, 63, 75, 18, 129, 5, 13, 3, 73, 4, 15, 699, 5076, 224, 344, 8826, 18, 0),
	(328, 18716210, 93470148, 16, 41, 36, 73, 1, 63, 0, 130, 2, 12, 6, 128, 11, 16, 158, 6779, 257, 374, 7295, 47, 0),
	(329, 18716210, 34008721, 51, 36, 0, 73, 50, 0, 73, 131, 3, 11, 6, 33, 1, 12, 449, 3589, 151, 204, 10852, 0, 0),
	(330, 18716210, 97027013, 62, 50, 116, 81, 0, 0, 0, 132, 14, 9, 4, 66, 4, 19, 992, 9315, 289, 538, 14675, 14, 0),
	(331, 18482653, 10166977, 4, 102, 21, 139, 152, 63, 46, 0, 20, 7, 13, 223, 7, 25, 7100, 16279, 533, 679, 18937, 5874, 0),
	(332, 18482653, 52790064, 43, 50, 121, 36, 137, 185, 9, 1, 14, 7, 23, 219, 15, 23, 5818, 17074, 483, 616, 34089, 5262, 0),
	(333, 18482653, 64703394, 83, 1, 46, 125, 36, 180, 21, 2, 4, 9, 15, 75, 4, 17, 857, 10389, 278, 348, 6608, 584, 0),
	(334, 18482653, 33725606, 20, 180, 36, 108, 46, 188, 0, 3, 2, 9, 22, 47, 4, 18, 2844, 8105, 247, 372, 7383, 837, 0),
	(335, 18482653, 29994318, 50, 100, 46, 36, 79, 21, 63, 4, 10, 10, 15, 129, 10, 21, 3638, 10350, 349, 486, 9507, 1332, 0),
	(336, 18482653, 91381326, 39, 116, 190, 36, 41, 63, 0, 128, 10, 8, 18, 145, 21, 21, 1994, 11344, 355, 518, 14583, 1125, 0),
	(337, 18482653, 93932010, 27, 180, 73, 36, 73, 46, 73, 129, 2, 15, 22, 68, 2, 15, 1425, 5384, 208, 274, 6752, 501, 0),
	(338, 18482653, 91396251, 71, 172, 116, 53, 63, 149, 46, 130, 14, 10, 13, 163, 9, 23, 1746, 14064, 379, 610, 21264, 1387, 0),
	(339, 18482653, 30425157, 5, 36, 214, 0, 185, 37, 0, 131, 8, 11, 20, 34, 7, 19, 1038, 8819, 226, 396, 12345, 58, 0),
	(340, 18482653, 30898499, 75, 63, 58, 24, 102, 79, 36, 132, 8, 6, 18, 131, 9, 21, 1473, 13225, 319, 481, 15559, 843, 0),
	(341, 18475003, 327868, 17, 63, 98, 36, 123, 41, 77, 0, 13, 0, 10, 140, 4, 20, 4107, 13194, 505, 671, 16771, 2844, 0),
	(342, 18475003, 17528245, 52, 121, 1, 48, 0, 65, 30, 1, 11, 4, 12, 115, 11, 17, 2781, 14438, 525, 479, 14843, 3617, 0),
	(343, 18475003, 7733775, 64, 92, 88, 38, 46, 180, 56, 2, 2, 2, 13, 30, 6, 14, 1963, 7698, 281, 364, 5176, 1720, 0),
	(344, 18475003, 46594828, 20, 79, 180, 46, 75, 67, 10, 3, 4, 5, 15, 31, 1, 15, 510, 8567, 286, 401, 6916, 743, 0),
	(345, 18475003, 1682492, 78, 50, 1, 185, 46, 21, 60, 4, 6, 1, 7, 100, 6, 16, 2899, 9120, 355, 419, 6680, 875, 0),
	(346, 18475003, 10166977, 19, 1, 180, 23, 41, 21, 46, 128, 6, 7, 4, 99, 6, 15, 377, 7104, 277, 375, 10111, 0, 0),
	(347, 18475003, 52790064, 32, 174, 36, 71, 46, 63, 0, 129, 0, 6, 4, 92, 21, 13, 207, 7019, 234, 306, 1659, 250, 0),
	(348, 18475003, 64703394, 2, 125, 29, 46, 0, 0, 0, 130, 4, 10, 5, 64, 1, 10, 1129, 4015, 192, 193, 7428, 0, 0),
	(349, 18475003, 33725606, 9, 174, 63, 75, 0, 0, 16, 131, 1, 5, 4, 66, 5, 14, 185, 6047, 204, 326, 5103, 74, 0),
	(350, 18475003, 83618797, 43, 180, 34, 39, 0, 73, 61, 132, 1, 8, 4, 44, 5, 11, 513, 4003, 163, 203, 3743, 58, 0),
	(351, 15394914, 100621324, 13, 180, 67, 46, 1, 36, 0, 0, 2, 12, 15, 84, 4, 18, 2070, 8244, 279, 406, 8772, 569, 0),
	(352, 15394914, 87283048, 54, 151, 11, 46, 135, 63, 168, 1, 18, 4, 9, 211, 2, 24, 6020, 15380, 523, 765, 20132, 1781, 0),
	(353, 15394914, 10487041, 60, 160, 92, 63, 125, 0, 0, 2, 5, 6, 16, 113, 20, 19, 3711, 10660, 367, 461, 8888, 2375, 0),
	(354, 15394914, 49621705, 17, 41, 121, 77, 57, 63, 0, 3, 4, 5, 21, 71, 2, 18, 1663, 11225, 309, 415, 8354, 1032, 0),
	(355, 15394914, 7037415, 16, 1, 36, 116, 0, 0, 63, 4, 7, 3, 19, 60, 2, 18, 2689, 9959, 305, 407, 9337, 574, 0),
	(356, 15394914, 6567960, 9, 33, 50, 212, 36, 123, 51, 128, 12, 6, 7, 125, 23, 21, 1276, 12674, 351, 593, 18146, 568, 0),
	(357, 15394914, 33725606, 70, 50, 1, 81, 46, 116, 0, 129, 4, 8, 5, 120, 1, 19, 797, 10224, 304, 461, 6669, 0, 0),
	(358, 15394914, 29994318, 14, 41, 46, 60, 92, 131, 29, 130, 11, 11, 6, 83, 8, 17, 2286, 6406, 267, 378, 15097, 15, 0),
	(359, 15394914, 60793461, 21, 63, 77, 98, 0, 77, 0, 131, 1, 12, 12, 65, 0, 14, 255, 7210, 204, 251, 9309, 310, 0),
	(360, 15394914, 85299695, 12, 212, 63, 88, 196, 16, 27, 132, 2, 4, 7, 88, 1, 16, 199, 10267, 234, 335, 4135, 124, 0),
	(361, 15390023, 92558257, 49, 11, 92, 164, 149, 63, 154, 0, 6, 4, 10, 131, 11, 18, 3720, 11348, 423, 454, 9402, 2955, 0),
	(362, 15390023, 86875858, 10, 176, 123, 147, 75, 0, 63, 1, 20, 1, 3, 192, 8, 25, 5579, 17423, 586, 845, 16692, 5104, 0),
	(363, 15390023, 101492315, 45, 1, 180, 123, 73, 73, 0, 2, 9, 7, 6, 106, 7, 16, 1810, 11190, 368, 367, 9971, 1463, 0),
	(364, 15390023, 90775042, 65, 1, 36, 63, 58, 125, 131, 3, 5, 3, 7, 102, 3, 18, 1641, 12159, 352, 462, 9882, 1375, 0),
	(365, 15390023, 93072686, 51, 178, 123, 108, 36, 63, 117, 4, 9, 3, 24, 85, 0, 21, 2248, 12924, 382, 612, 17168, 216, 0),
	(366, 15390023, 21968418, 59, 44, 0, 0, 0, 0, 0, 128, 1, 19, 3, 95, 5, 14, 523, 4671, 209, 271, 3944, 341, 0),
	(367, 15390023, 6567960, 9, 36, 50, 69, 41, 212, 24, 129, 7, 7, 8, 93, 16, 16, 613, 8262, 251, 369, 10487, 62, 0),
	(368, 15390023, 33725606, 26, 44, 63, 16, 42, 16, 73, 130, 3, 11, 7, 18, 2, 12, 582, 3351, 138, 228, 5291, 0, 0),
	(369, 15390023, 29994318, 55, 178, 46, 24, 63, 125, 31, 131, 5, 6, 7, 121, 4, 17, 945, 8015, 260, 395, 10002, 0, 0),
	(370, 15390023, 68559520, 73, 0, 116, 125, 0, 63, 0, 132, 2, 6, 9, 86, 4, 16, 319, 8970, 243, 380, 6479, 0, 0),
	(371, 15092383, 68592400, 52, 1, 36, 116, 29, 121, 46, 0, 4, 11, 17, 201, 8, 22, 2648, 14764, 378, 548, 10673, 1988, 0),
	(372, 15092383, 39208485, 7, 73, 1, 180, 108, 46, 0, 1, 3, 10, 20, 53, 0, 20, 1136, 10203, 258, 437, 8050, 334, 0),
	(373, 15092383, 3453380, 41, 172, 141, 145, 0, 63, 0, 2, 8, 10, 15, 237, 10, 22, 4157, 14548, 456, 508, 10809, 3152, 0),
	(374, 15092383, 10832220, 11, 1, 116, 135, 139, 48, 156, 3, 30, 2, 17, 332, 9, 25, 4544, 29553, 665, 648, 36122, 5448, 0),
	(375, 15092383, 39207907, 3, 194, 178, 0, 46, 48, 42, 4, 9, 7, 22, 37, 8, 22, 3088, 10973, 300, 538, 15585, 761, 0),
	(376, 15092383, 18459252, 36, 185, 60, 79, 63, 73, 46, 128, 11, 11, 20, 67, 4, 21, 808, 9455, 243, 465, 14219, 26, 0),
	(377, 15092383, 34471003, 19, 182, 180, 1, 58, 188, 0, 129, 3, 13, 14, 165, 3, 21, 1187, 8664, 276, 493, 10463, 0, 0),
	(378, 15092383, 170233, 1, 147, 63, 125, 0, 114, 0, 130, 12, 7, 12, 222, 6, 24, 762, 16349, 377, 632, 11979, 99, 0),
	(379, 15092383, 33725606, 54, 151, 55, 143, 114, 63, 9, 131, 8, 9, 15, 255, 2, 23, 428, 19250, 415, 560, 14077, 0, 0),
	(380, 15092383, 41312602, 20, 42, 46, 73, 73, 63, 0, 132, 4, 14, 10, 19, 3, 14, 614, 5117, 156, 237, 4927, 0, 0),
	(381, 14958428, 66175532, 27, 73, 73, 100, 46, 0, 29, 0, 2, 8, 2, 85, 0, 12, 127, 5298, 224, 270, 7457, 212, 0),
	(382, 14958428, 87127166, 26, 0, 16, 0, 0, 0, 0, 1, 2, 4, 5, 5, 3, 9, 724, 3743, 119, 168, 3478, 0, 0),
	(383, 14958428, 564677, 28, 125, 63, 25, 11, 0, 0, 2, 2, 4, 3, 54, 4, 10, 30, 5003, 181, 225, 2121, 0, 0),
	(384, 14958428, 496896, 76, 77, 44, 63, 10, 36, 0, 3, 0, 7, 5, 59, 10, 11, 67, 4184, 176, 237, 2403, 0, 0),
	(385, 14958428, 86745704, 77, 81, 63, 0, 0, 0, 0, 4, 1, 8, 1, 56, 0, 9, 393, 3590, 159, 176, 1357, 0, 0),
	(386, 14958428, 6567960, 9, 123, 50, 46, 41, 0, 212, 128, 6, 1, 14, 76, 17, 17, 2788, 9246, 421, 559, 11102, 1809, 0),
	(387, 14958428, 29994318, 78, 1, 0, 185, 36, 63, 69, 129, 8, 1, 6, 93, 9, 16, 4365, 8214, 435, 498, 7237, 1957, 0),
	(388, 14958428, 33725606, 56, 98, 50, 75, 14, 0, 46, 130, 6, 1, 7, 92, 2, 16, 3070, 9861, 434, 482, 7648, 3292, 0),
	(389, 14958428, 99416172, 2, 50, 1, 127, 182, 125, 46, 131, 10, 1, 14, 64, 1, 15, 4362, 9480, 472, 439, 10723, 1433, 0),
	(390, 14958428, 91411274, 23, 0, 141, 0, 0, 0, 63, 132, 0, 3, 6, 117, 7, 13, 3926, 8575, 437, 358, 4312, 3000, 0),
	(391, 14812706, 60139793, 54, 151, 63, 181, 158, 117, 149, 0, 10, 6, 14, 153, 3, 21, 3645, 14104, 419, 540, 10830, 1065, 0),
	(392, 14812706, 52982498, 2, 114, 69, 0, 16, 125, 63, 1, 9, 3, 8, 81, 0, 19, 2055, 12718, 333, 451, 8429, 1711, 0),
	(393, 14812706, 91455898, 62, 145, 71, 141, 63, 81, 135, 2, 13, 4, 9, 120, 7, 23, 1840, 20319, 514, 675, 11267, 631, 0),
	(394, 14812706, 96783882, 53, 50, 98, 110, 77, 108, 168, 3, 5, 4, 19, 328, 16, 23, 4929, 21605, 604, 632, 14478, 5933, 0),
	(395, 14812706, 23930458, 14, 41, 180, 131, 114, 0, 0, 4, 14, 8, 18, 54, 2, 22, 4525, 9860, 366, 621, 16558, 367, 0),
	(396, 14812706, 33725606, 40, 102, 79, 88, 40, 63, 125, 128, 6, 9, 11, 111, 4, 19, 156, 9832, 258, 443, 10344, 34, 0),
	(397, 14812706, 63651878, 80, 63, 4, 9, 0, 0, 0, 129, 6, 7, 3, 182, 0, 18, 466, 10650, 296, 395, 5205, 265, 0),
	(398, 14812706, 33116958, 22, 40, 29, 57, 73, 73, 42, 130, 1, 13, 11, 49, 8, 15, 1355, 2945, 153, 285, 14223, 48, 0),
	(399, 14812706, 44096732, 6, 75, 63, 152, 16, 139, 0, 131, 2, 11, 12, 162, 6, 21, 155, 12196, 326, 568, 9656, 2638, 0),
	(400, 14812706, 29003195, 60, 50, 143, 162, 0, 0, 0, 132, 4, 11, 10, 73, 0, 16, 299, 6943, 206, 307, 4748, 133, 0),
	(401, 14804870, 1878437, 2, 0, 0, 0, 0, 0, 0, 0, 0, 1, 0, 8, 0, 3, 2, 603, 105, 15, 45, 0, 1),
	(402, 14804870, 67508305, 74, 100, 102, 108, 50, 0, 0, 1, 6, 11, 10, 148, 7, 21, 1985, 12078, 317, 472, 7411, 843, 0),
	(403, 14804870, 99124596, 54, 151, 112, 63, 71, 143, 0, 2, 9, 8, 9, 211, 1, 25, 916, 13609, 377, 621, 15918, 1036, 0),
	(404, 14804870, 73172011, 5, 44, 0, 0, 0, 0, 0, 3, 0, 7, 0, 4, 1, 5, 5347, 830, 126, 34, 1167, 0, 4),
	(405, 14804870, 55246446, 36, 125, 131, 137, 127, 63, 53, 4, 13, 8, 9, 230, 19, 25, 321, 20714, 416, 621, 24126, 451, 0),
	(406, 14804870, 100173357, 19, 180, 0, 16, 20, 16, 16, 128, 0, 2, 1, 20, 0, 7, 0, 2209, 163, 59, 1892, 32, 1),
	(407, 14804870, 33725606, 26, 104, 1, 53, 79, 63, 46, 129, 12, 8, 13, 72, 2, 20, 634, 14824, 335, 431, 13510, 2411, 0),
	(408, 14804870, 63651878, 13, 48, 121, 1, 73, 123, 61, 130, 5, 5, 16, 141, 13, 24, 2369, 18135, 394, 574, 11085, 2236, 0),
	(409, 14804870, 33116958, 14, 36, 63, 108, 73, 46, 131, 131, 6, 9, 7, 91, 6, 19, 3517, 10394, 318, 364, 6888, 894, 0),
	(410, 14804870, 97750188, 73, 63, 117, 125, 112, 172, 208, 132, 10, 5, 8, 182, 1, 24, 5334, 18474, 485, 596, 16273, 4968, 0),
	(411, 14786175, 96170650, 21, 102, 137, 79, 114, 180, 30, 0, 18, 7, 25, 243, 14, 25, 6534, 19039, 530, 628, 18121, 1869, 0),
	(412, 14786175, 86874064, 40, 90, 36, 180, 102, 108, 212, 1, 8, 9, 37, 106, 5, 25, 4026, 14617, 377, 629, 21108, 1334, 0),
	(413, 14786175, 96215712, 14, 48, 108, 0, 0, 0, 0, 2, 10, 16, 16, 64, 3, 22, 608, 14434, 310, 495, 19269, 132, 0),
	(414, 14786175, 25605605, 75, 77, 77, 125, 96, 63, 55, 3, 8, 5, 13, 156, 1, 23, 2430, 14850, 345, 566, 14515, 2782, 0),
	(415, 14786175, 93134309, 62, 187, 116, 63, 34, 147, 145, 4, 15, 10, 6, 171, 3, 24, 3656, 16719, 476, 621, 12938, 1215, 0),
	(416, 14786175, 94196647, 27, 36, 50, 185, 43, 0, 21, 128, 5, 16, 10, 101, 4, 17, 1140, 8177, 231, 313, 8601, 259, 0),
	(417, 14786175, 86715565, 3, 108, 180, 17, 0, 0, 0, 129, 8, 12, 13, 81, 20, 18, 918, 8790, 225, 363, 13545, 29, 0),
	(418, 14786175, 33725606, 9, 50, 147, 212, 34, 10, 46, 130, 4, 7, 14, 158, 2, 20, 2092, 10046, 276, 419, 13211, 65, 0),
	(419, 14786175, 63651878, 5, 40, 0, 50, 73, 73, 188, 131, 4, 15, 12, 22, 15, 16, 704, 5335, 158, 277, 7541, 215, 0),
	(420, 14786175, 64703394, 12, 196, 147, 36, 46, 63, 0, 132, 18, 11, 9, 157, 9, 24, 164, 12999, 350, 613, 22382, 657, 0),
	(421, 14779971, 26198322, 61, 21, 178, 8, 16, 63, 88, 0, 1, 6, 2, 85, 1, 13, 843, 6104, 227, 293, 3676, 688, 0),
	(422, 14779971, 97584636, 74, 185, 36, 102, 0, 50, 0, 1, 8, 9, 5, 86, 14, 16, 506, 7289, 289, 400, 12503, 759, 0),
	(423, 14779971, 87127166, 5, 36, 63, 43, 42, 73, 46, 2, 6, 10, 7, 5, 2, 12, 138, 5069, 169, 232, 8878, 20, 0),
	(424, 14779971, 564677, 28, 11, 63, 125, 36, 164, 0, 3, 3, 8, 7, 83, 10, 15, 429, 7399, 256, 352, 5267, 159, 0),
	(425, 14779971, 93134309, 11, 63, 152, 14, 14, 21, 34, 4, 2, 9, 3, 105, 9, 15, 708, 6816, 263, 380, 8593, 386, 0),
	(426, 14779971, 33725606, 54, 151, 65, 143, 63, 114, 46, 128, 3, 2, 3, 182, 1, 18, 1677, 15335, 487, 516, 2523, 1227, 0),
	(427, 14779971, 64703394, 79, 41, 206, 180, 46, 0, 73, 129, 5, 4, 18, 76, 10, 17, 4037, 8234, 351, 478, 11946, 1610, 0),
	(428, 14779971, 63651878, 26, 0, 188, 50, 73, 73, 23, 130, 3, 5, 9, 28, 8, 15, 2139, 6740, 259, 364, 5719, 918, 0),
	(429, 14779971, 92985679, 10, 36, 176, 63, 75, 123, 46, 131, 18, 4, 3, 190, 17, 24, 5027, 14589, 595, 907, 19632, 3714, 0),
	(430, 14779971, 30915579, 32, 174, 71, 63, 81, 170, 0, 132, 12, 6, 9, 125, 6, 21, 6469, 10281, 492, 691, 16650, 2316, 0),
	(431, 14749784, 33725606, 76, 102, 96, 116, 77, 63, 46, 0, 7, 7, 23, 188, 12, 23, 4002, 15576, 420, 612, 15937, 2808, 0),
	(432, 14749784, 63651878, 9, 174, 147, 139, 75, 63, 75, 1, 18, 6, 21, 118, 9, 24, 3536, 17780, 454, 641, 19487, 4720, 0),
	(433, 14749784, 33116958, 31, 79, 73, 108, 73, 29, 0, 2, 7, 8, 27, 35, 5, 22, 4818, 9101, 305, 533, 14129, 1006, 0),
	(434, 14749784, 64703394, 51, 50, 46, 92, 41, 108, 43, 3, 12, 8, 34, 89, 3, 25, 5459, 9115, 372, 673, 21935, 1001, 0),
	(435, 14749784, 68078289, 2, 50, 127, 9, 1, 118, 125, 4, 9, 7, 16, 171, 5, 20, 3666, 11825, 357, 445, 13944, 577, 0),
	(436, 14749784, 90236827, 71, 108, 55, 9, 172, 31, 63, 128, 12, 11, 11, 75, 5, 22, 362, 12984, 304, 524, 13319, 676, 0),
	(437, 14749784, 100098858, 42, 50, 151, 116, 36, 0, 178, 129, 3, 8, 8, 140, 18, 19, 996, 10349, 322, 420, 9505, 1270, 0),
	(438, 14749784, 47416452, 19, 1, 73, 36, 180, 46, 0, 130, 2, 15, 7, 83, 0, 15, 814, 6134, 223, 253, 7619, 198, 0),
	(439, 14749784, 46125272, 26, 50, 108, 24, 20, 46, 57, 131, 7, 11, 9, 136, 7, 19, 51, 10160, 300, 417, 9760, 206, 0),
	(440, 14749784, 50442782, 20, 102, 90, 50, 36, 73, 73, 132, 10, 9, 15, 29, 3, 19, 191, 11162, 257, 420, 9878, 602, 0),
	(441, 14739963, 56008924, 22, 180, 44, 67, 73, 73, 0, 0, 8, 12, 12, 62, 3, 18, 893, 6215, 260, 506, 15443, 119, 0),
	(442, 14739963, 52484272, 40, 147, 75, 36, 75, 63, 22, 1, 11, 8, 11, 105, 0, 19, 448, 11149, 361, 560, 17329, 432, 0),
	(443, 14739963, 55923875, 20, 79, 40, 75, 170, 63, 0, 2, 4, 9, 13, 83, 0, 18, 1416, 7096, 266, 487, 5611, 311, 0),
	(444, 14739963, 86866971, 69, 50, 88, 125, 0, 0, 0, 3, 1, 11, 7, 87, 3, 14, 1524, 5278, 292, 334, 4467, 114, 0),
	(445, 14739963, 53657238, 29, 63, 73, 0, 36, 73, 0, 4, 2, 7, 4, 39, 2, 11, 2, 4389, 173, 208, 3931, 53, 4),
	(446, 14739963, 33725606, 54, 151, 65, 143, 55, 63, 114, 128, 7, 2, 6, 193, 7, 20, 243, 20415, 573, 620, 8866, 3817, 0),
	(447, 14739963, 63651878, 18, 116, 185, 172, 73, 63, 0, 129, 7, 6, 12, 79, 6, 18, 1381, 10000, 359, 526, 7587, 1615, 0),
	(448, 14739963, 41882541, 60, 41, 92, 90, 50, 108, 46, 130, 13, 5, 17, 65, 2, 21, 2691, 12482, 429, 662, 16739, 2643, 0),
	(449, 14739963, 97270434, 32, 71, 172, 48, 212, 52, 0, 131, 14, 8, 11, 74, 2, 19, 355, 12295, 442, 567, 15952, 2583, 0),
	(450, 14739963, 27405125, 39, 36, 123, 0, 63, 0, 88, 132, 6, 9, 10, 58, 6, 17, 1356, 9029, 317, 437, 8383, 878, 0),
	(451, 14605025, 56456077, 70, 154, 50, 114, 56, 81, 143, 0, 13, 6, 6, 156, 5, 24, 540, 19384, 508, 714, 13299, 5019, 0),
	(452, 14605025, 87187228, 29, 1, 0, 180, 9, 0, 92, 1, 5, 11, 19, 76, 2, 17, 2856, 7255, 297, 381, 7443, 388, 0),
	(453, 14605025, 37736072, 9, 55, 50, 135, 46, 143, 149, 2, 4, 3, 3, 157, 13, 19, 117, 16535, 370, 476, 5644, 3569, 0),
	(454, 14605025, 32993690, 14, 178, 102, 214, 131, 114, 0, 3, 14, 5, 17, 133, 4, 24, 4715, 12685, 440, 735, 20197, 801, 0),
	(455, 14605025, 62940509, 3, 180, 104, 41, 77, 108, 0, 4, 10, 4, 20, 79, 7, 22, 4786, 10135, 382, 598, 15271, 1258, 0),
	(456, 14605025, 63828189, 16, 36, 180, 46, 0, 13, 1, 128, 3, 11, 18, 95, 4, 18, 1448, 5884, 241, 411, 10470, 0, 0),
	(457, 14605025, 33725606, 47, 152, 0, 75, 63, 75, 46, 129, 8, 12, 10, 68, 9, 16, 1582, 6756, 233, 358, 12119, 0, 0),
	(458, 14605025, 33116958, 40, 212, 21, 63, 22, 0, 0, 130, 4, 14, 8, 78, 5, 14, 297, 5170, 206, 259, 7669, 110, 0),
	(459, 14605025, 63651878, 33, 41, 116, 1, 88, 63, 9, 131, 3, 3, 17, 166, 3, 20, 1648, 11360, 313, 534, 9044, 32, 0),
	(460, 14605025, 6567960, 12, 71, 36, 22, 137, 63, 56, 132, 7, 6, 7, 140, 5, 20, 459, 10828, 299, 498, 10833, 221, 0),
	(461, 14597230, 99241530, 57, 180, 79, 90, 0, 0, 0, 0, 3, 3, 6, 62, 2, 15, 2315, 8535, 303, 361, 3545, 1007, 0),
	(462, 14597230, 88031605, 43, 77, 121, 48, 9, 118, 0, 1, 7, 5, 12, 82, 8, 19, 3007, 11020, 378, 570, 14564, 3698, 0),
	(463, 14597230, 5586749, 14, 50, 41, 13, 13, 90, 46, 2, 11, 10, 7, 52, 1, 15, 1757, 7596, 327, 356, 14145, 1682, 0),
	(464, 14597230, 49733257, 47, 36, 63, 152, 75, 75, 147, 3, 8, 4, 10, 103, 11, 18, 2418, 11319, 396, 467, 12644, 3868, 0),
	(465, 14597230, 24529501, 64, 180, 79, 88, 102, 23, 42, 4, 4, 3, 10, 58, 6, 13, 683, 9799, 290, 283, 8110, 1860, 0),
	(466, 14597230, 33725606, 9, 147, 50, 212, 14, 46, 0, 128, 5, 6, 10, 97, 5, 17, 1284, 8406, 290, 430, 12905, 100, 0),
	(467, 14597230, 33116958, 31, 79, 73, 29, 73, 46, 0, 129, 4, 10, 8, 34, 6, 12, 545, 4886, 190, 245, 7476, 37, 0),
	(468, 14597230, 63651878, 26, 36, 79, 180, 73, 73, 0, 130, 6, 6, 6, 16, 12, 15, 694, 6395, 201, 340, 7005, 63, 0),
	(469, 14597230, 41882541, 12, 174, 36, 11, 63, 24, 46, 131, 2, 5, 11, 114, 5, 15, 171, 10169, 281, 340, 9480, 1343, 0),
	(470, 14597230, 6567960, 28, 92, 151, 46, 36, 63, 73, 132, 6, 7, 9, 83, 8, 15, 1154, 8713, 258, 336, 9586, 162, 0),
	(471, 14592258, 27475131, 30, 50, 152, 204, 13, 0, 0, 0, 8, 4, 15, 99, 1, 18, 1837, 13148, 367, 441, 14544, 1969, 0),
	(472, 14592258, 66725954, 14, 92, 102, 104, 41, 125, 63, 1, 18, 3, 14, 57, 3, 21, 4861, 10988, 403, 561, 20805, 592, 0),
	(473, 14592258, 92224113, 5, 50, 96, 152, 0, 0, 77, 2, 4, 2, 22, 108, 3, 20, 3064, 12548, 369, 534, 12121, 1761, 0),
	(474, 14592258, 96128809, 62, 63, 145, 139, 75, 114, 164, 3, 21, 1, 6, 183, 11, 25, 6872, 20413, 630, 778, 22733, 1719, 0),
	(475, 14592258, 25059898, 19, 36, 108, 180, 185, 170, 0, 4, 7, 8, 14, 132, 6, 19, 3076, 11899, 370, 457, 11565, 3105, 0),
	(476, 14592258, 91529960, 73, 125, 4, 19, 50, 0, 0, 128, 1, 13, 8, 59, 0, 16, 367, 5545, 190, 323, 5123, 0, 0),
	(477, 14592258, 33725606, 58, 40, 92, 88, 21, 63, 60, 129, 7, 13, 7, 54, 0, 14, 933, 5851, 209, 251, 7893, 0, 0),
	(478, 14592258, 33116958, 7, 36, 180, 46, 73, 73, 0, 130, 2, 15, 6, 29, 1, 12, 54, 3619, 134, 199, 5321, 0, 0),
	(479, 14592258, 63651878, 21, 102, 63, 46, 77, 77, 23, 131, 6, 8, 3, 76, 15, 15, 1018, 6660, 213, 280, 8409, 0, 0),
	(480, 14592258, 41882541, 12, 196, 34, 0, 63, 88, 0, 132, 1, 9, 9, 118, 13, 17, 182, 8530, 240, 356, 6906, 253, 0),
	(481, 14586661, 82398465, 57, 178, 96, 180, 16, 61, 0, 0, 5, 5, 11, 90, 6, 17, 332, 9128, 277, 391, 7152, 397, 0),
	(482, 14586661, 33725606, 27, 1, 180, 46, 41, 108, 0, 1, 4, 4, 13, 90, 4, 16, 469, 9921, 263, 327, 8601, 894, 0),
	(483, 14586661, 33116958, 31, 79, 48, 44, 73, 73, 0, 2, 7, 6, 14, 61, 3, 16, 1795, 7036, 239, 357, 12560, 471, 0),
	(484, 14586661, 63651878, 9, 147, 63, 75, 75, 166, 0, 3, 11, 5, 7, 121, 6, 17, 1419, 10810, 310, 391, 13563, 451, 0),
	(485, 14586661, 89170623, 16, 63, 21, 60, 23, 36, 1, 4, 5, 9, 5, 108, 3, 17, 348, 9004, 258, 405, 9589, 90, 0),
	(486, 14586661, 56360631, 8, 51, 164, 145, 139, 46, 63, 128, 6, 2, 3, 271, 0, 22, 4474, 17694, 534, 626, 10145, 5658, 0),
	(487, 14586661, 87020435, 40, 50, 152, 88, 25, 16, 46, 129, 1, 12, 15, 64, 2, 15, 2078, 7736, 272, 308, 8580, 717, 0),
	(488, 14586661, 77288899, 11, 1, 116, 147, 63, 41, 168, 130, 9, 5, 8, 193, 19, 22, 1271, 18101, 478, 617, 17202, 2116, 0),
	(489, 14586661, 102127278, 70, 50, 152, 116, 81, 46, 143, 131, 12, 3, 5, 147, 1, 21, 3881, 15415, 465, 596, 12776, 4237, 0),
	(490, 14586661, 100149270, 14, 41, 40, 73, 180, 73, 73, 132, 1, 11, 6, 39, 1, 13, 2208, 5566, 215, 245, 7952, 60, 0),
	(491, 14576326, 33142467, 17, 121, 116, 104, 96, 36, 48, 0, 14, 6, 28, 244, 2, 25, 2366, 24957, 438, 547, 20527, 2876, 0),
	(492, 14576326, 30676361, 29, 131, 67, 180, 114, 119, 0, 1, 6, 10, 29, 141, 1, 22, 715, 17541, 338, 464, 15928, 1626, 0),
	(493, 14576326, 37774381, 77, 116, 48, 208, 112, 168, 117, 2, 17, 6, 10, 325, 0, 25, 5217, 27155, 533, 568, 19306, 5200, 0),
	(494, 14576326, 38269105, 20, 147, 152, 0, 212, 46, 63, 3, 4, 8, 30, 81, 6, 21, 2779, 13441, 283, 414, 11893, 2172, 0),
	(495, 14576326, 36074105, 51, 90, 50, 116, 53, 108, 113, 4, 13, 7, 23, 151, 3, 25, 2867, 19396, 374, 548, 20862, 1761, 0),
	(496, 14576326, 67481, 52, 37, 50, 121, 127, 123, 9, 128, 8, 11, 23, 262, 13, 25, 300, 18990, 395, 547, 14439, 2082, 0),
	(497, 14576326, 33725606, 68, 102, 119, 63, 37, 46, 188, 129, 6, 8, 17, 79, 8, 18, 976, 12689, 246, 312, 10028, 1240, 0),
	(498, 14576326, 63651878, 5, 73, 100, 50, 0, 73, 24, 130, 7, 13, 19, 26, 7, 17, 1025, 8606, 202, 277, 11771, 609, 0),
	(499, 14576326, 41882541, 35, 147, 116, 10, 46, 63, 52, 131, 3, 11, 21, 238, 12, 20, 470, 17066, 337, 363, 13304, 2440, 0),
	(500, 14576326, 64703394, 36, 79, 37, 121, 50, 31, 46, 132, 11, 12, 20, 215, 11, 24, 1138, 15570, 359, 528, 21935, 916, 0),
	(501, 14567543, 64703394, 11, 1, 147, 41, 63, 212, 0, 0, 19, 7, 14, 234, 27, 25, 6259, 12404, 537, 731, 30537, 5107, 0),
	(502, 14567543, 41882541, 31, 79, 50, 36, 37, 117, 0, 1, 7, 5, 18, 39, 8, 18, 3118, 8848, 281, 404, 10163, 942, 0),
	(503, 14567543, 63651878, 30, 46, 43, 102, 73, 63, 73, 2, 6, 9, 16, 32, 5, 15, 2320, 7924, 247, 278, 8272, 1193, 0),
	(504, 14567543, 33725606, 10, 147, 63, 160, 46, 52, 69, 3, 8, 2, 18, 227, 22, 23, 3420, 18961, 528, 646, 14728, 4698, 0),
	(505, 14567543, 51740084, 36, 37, 73, 63, 36, 73, 46, 4, 0, 6, 24, 74, 12, 17, 5552, 5382, 273, 346, 8508, 916, 0),
	(506, 14567543, 30933396, 77, 116, 63, 17, 81, 168, 7, 128, 8, 8, 5, 203, 0, 20, 118, 14765, 368, 514, 7961, 35, 0),
	(507, 14567543, 54419420, 23, 125, 36, 63, 10, 0, 5, 129, 1, 9, 12, 101, 7, 14, 884, 8195, 224, 234, 9282, 0, 0),
	(508, 14567543, 78392004, 47, 75, 147, 63, 125, 0, 0, 130, 2, 12, 12, 135, 8, 19, 248, 10316, 300, 465, 8794, 691, 0),
	(509, 14567543, 31832589, 57, 180, 79, 36, 42, 73, 162, 131, 1, 9, 8, 66, 6, 15, 332, 9305, 239, 303, 3682, 39, 0),
	(510, 14567543, 88229712, 62, 36, 145, 71, 168, 63, 0, 132, 16, 7, 6, 171, 2, 22, 2422, 13845, 462, 606, 20475, 1271, 0),
	(511, 14350023, 6567960, 17, 40, 41, 123, 36, 63, 0, 0, 6, 10, 17, 102, 11, 19, 579, 10530, 280, 451, 11615, 88, 0),
	(512, 14350023, 52790064, 40, 152, 63, 212, 170, 43, 46, 1, 6, 3, 19, 99, 2, 18, 1611, 11136, 277, 427, 14311, 89, 0),
	(513, 14350023, 10166977, 8, 50, 145, 71, 108, 164, 0, 2, 14, 9, 9, 224, 14, 21, 926, 14171, 426, 563, 16202, 470, 0),
	(514, 14350023, 29293200, 57, 180, 79, 88, 0, 46, 40, 3, 6, 9, 3, 43, 0, 16, 1143, 6901, 198, 320, 3905, 114, 0),
	(515, 14350023, 33725606, 54, 151, 65, 168, 63, 143, 46, 4, 2, 6, 12, 177, 0, 19, 915, 14260, 359, 469, 6945, 552, 0),
	(516, 14350023, 41139401, 4, 36, 147, 46, 116, 102, 63, 128, 13, 4, 11, 158, 13, 23, 2900, 14967, 427, 632, 16078, 2864, 0),
	(517, 14350023, 27692794, 21, 98, 46, 77, 58, 57, 29, 129, 4, 7, 9, 105, 16, 17, 2614, 10020, 310, 366, 7291, 1268, 0),
	(518, 14350023, 16988651, 11, 1, 147, 46, 63, 41, 0, 130, 5, 6, 10, 188, 25, 21, 2892, 15105, 432, 535, 10749, 3233, 0),
	(519, 14350023, 78565809, 20, 152, 102, 164, 154, 63, 32, 131, 11, 7, 10, 198, 8, 23, 342, 17634, 472, 674, 16739, 3112, 0),
	(520, 14350023, 84854896, 52, 121, 46, 73, 0, 0, 63, 132, 3, 12, 10, 55, 7, 16, 1028, 9035, 257, 312, 9338, 1891, 0),
	(521, 13762767, 27010873, 9, 212, 63, 22, 19, 22, 0, 0, 2, 5, 1, 50, 11, 11, 482, 5245, 188, 228, 2470, 0, 0),
	(522, 13762767, 93749285, 60, 63, 92, 16, 16, 0, 0, 1, 2, 8, 1, 92, 6, 14, 3599, 3016, 259, 371, 2548, 614, 0),
	(523, 13762767, 28370998, 58, 63, 92, 21, 60, 36, 28, 2, 3, 7, 5, 81, 0, 13, 351, 5879, 231, 289, 7076, 235, 0),
	(524, 13762767, 32442708, 56, 41, 63, 212, 16, 67, 10, 3, 4, 4, 0, 83, 4, 14, 1041, 6461, 250, 368, 4899, 446, 0),
	(525, 13762767, 5520560, 59, 63, 92, 2, 21, 46, 0, 4, 0, 6, 4, 88, 15, 12, 931, 4875, 226, 261, 3745, 374, 0),
	(526, 13762767, 6567960, 17, 77, 41, 0, 77, 63, 121, 128, 5, 1, 14, 85, 3, 15, 3157, 9035, 367, 389, 8140, 926, 0),
	(527, 13762767, 34471003, 74, 102, 108, 50, 185, 61, 0, 129, 7, 2, 14, 120, 20, 17, 3848, 11308, 492, 517, 11980, 4552, 0),
	(528, 13762767, 33725606, 27, 1, 36, 46, 40, 63, 108, 130, 3, 3, 10, 74, 6, 14, 1053, 9665, 349, 343, 4771, 2800, 0),
	(529, 13762767, 52790064, 15, 36, 125, 88, 50, 154, 0, 131, 13, 2, 12, 110, 14, 18, 6355, 9124, 490, 550, 15641, 1673, 0),
	(530, 13762767, 29293200, 5, 1, 50, 20, 42, 46, 13, 132, 1, 4, 13, 7, 0, 11, 1188, 5995, 230, 219, 4001, 625, 0),
	(531, 13712367, 54666125, 77, 81, 63, 116, 143, 0, 0, 0, 6, 7, 11, 124, 0, 19, 798, 10845, 281, 451, 12317, 775, 0),
	(532, 13712367, 33725606, 21, 96, 42, 88, 19, 46, 63, 1, 4, 4, 9, 111, 14, 17, 502, 11033, 256, 341, 12887, 365, 0),
	(533, 13712367, 83618797, 4, 102, 154, 125, 63, 11, 46, 2, 8, 6, 9, 112, 6, 19, 162, 10895, 269, 421, 9238, 417, 0),
	(534, 13712367, 68078289, 20, 8, 8, 63, 36, 0, 212, 3, 5, 14, 14, 61, 1, 17, 194, 8574, 228, 344, 10301, 0, 0),
	(535, 13712367, 12097933, 50, 92, 79, 15, 46, 28, 63, 4, 3, 12, 6, 83, 6, 16, 398, 7507, 211, 314, 5031, 120, 0),
	(536, 13712367, 99248317, 64, 50, 123, 121, 108, 58, 0, 128, 7, 4, 9, 191, 10, 22, 2635, 21125, 507, 592, 18056, 6516, 0),
	(537, 13712367, 40727588, 70, 116, 0, 81, 50, 114, 125, 129, 13, 6, 7, 141, 9, 23, 3454, 15635, 455, 615, 15983, 2138, 0),
	(538, 13712367, 26862855, 41, 172, 34, 63, 168, 135, 0, 130, 4, 7, 7, 189, 2, 20, 4440, 14590, 438, 461, 6941, 800, 0),
	(539, 13712367, 9985600, 29, 0, 0, 0, 0, 0, 0, 131, 11, 4, 16, 49, 0, 18, 3, 9025, 281, 376, 12343, 533, 4),
	(540, 13712367, 29931628, 31, 36, 123, 79, 73, 0, 63, 132, 8, 6, 26, 78, 5, 21, 3762, 11400, 368, 519, 19704, 734, 0),
	(541, 13701805, 86335076, 29, 1, 180, 9, 36, 13, 46, 0, 4, 6, 16, 46, 10, 13, 1828, 7222, 261, 255, 9775, 217, 0),
	(542, 13701805, 52193939, 5, 1, 73, 42, 50, 73, 116, 1, 3, 3, 8, 41, 2, 14, 756, 9808, 283, 304, 4749, 843, 0),
	(543, 13701805, 56213414, 10, 41, 147, 63, 75, 123, 0, 2, 18, 4, 8, 123, 19, 19, 4125, 14023, 466, 525, 18177, 5048, 0),
	(544, 13701805, 68431643, 35, 158, 172, 63, 36, 152, 149, 3, 11, 3, 10, 188, 7, 19, 1525, 16442, 515, 517, 17061, 4962, 0),
	(545, 13701805, 70784605, 55, 41, 50, 90, 58, 125, 0, 4, 1, 2, 21, 106, 0, 17, 1679, 10833, 320, 422, 6542, 542, 0),
	(546, 13701805, 68244759, 49, 178, 17, 11, 73, 63, 0, 128, 2, 7, 10, 79, 5, 15, 2075, 4448, 220, 338, 7203, 251, 0),
	(547, 13701805, 52790064, 1, 147, 145, 71, 63, 11, 0, 129, 5, 2, 5, 176, 5, 19, 484, 12364, 325, 505, 5938, 213, 0),
	(548, 13701805, 12097933, 31, 40, 44, 29, 86, 42, 28, 130, 5, 8, 5, 21, 11, 14, 1365, 4100, 165, 286, 11189, 116, 0),
	(549, 13701805, 33725606, 39, 41, 0, 77, 60, 46, 63, 131, 2, 11, 7, 60, 5, 12, 644, 5276, 193, 236, 8001, 97, 0),
	(550, 13701805, 57494531, 18, 21, 8, 46, 63, 92, 0, 132, 2, 9, 2, 63, 2, 12, 262, 5475, 179, 208, 4070, 123, 0),
	(551, 13606960, 18993, 3, 37, 180, 178, 108, 73, 73, 0, 3, 7, 20, 68, 7, 21, 822, 11540, 301, 535, 9033, 358, 0),
	(552, 13606960, 29213413, 40, 100, 152, 147, 63, 212, 46, 1, 14, 8, 26, 164, 3, 25, 1435, 15570, 486, 742, 23011, 2840, 0),
	(553, 13606960, 50885105, 53, 194, 81, 63, 79, 112, 0, 2, 3, 10, 20, 245, 1, 19, 792, 16591, 470, 432, 12414, 4394, 0),
	(554, 13606960, 96761445, 19, 1, 108, 180, 185, 61, 0, 3, 10, 10, 17, 90, 3, 21, 1414, 14082, 364, 551, 11411, 1512, 0),
	(555, 13606960, 3725665, 80, 90, 0, 29, 0, 0, 0, 4, 13, 5, 13, 138, 4, 22, 1988, 15583, 419, 628, 13732, 1104, 0),
	(556, 13606960, 6567960, 74, 185, 50, 46, 108, 36, 0, 128, 11, 7, 12, 129, 11, 22, 270, 9034, 328, 615, 18294, 272, 0),
	(557, 13606960, 33725606, 5, 36, 86, 94, 63, 46, 42, 129, 3, 13, 12, 39, 5, 15, 530, 5588, 193, 282, 7197, 129, 0),
	(558, 13606960, 4643903, 38, 108, 178, 46, 63, 92, 149, 130, 5, 9, 8, 132, 3, 20, 536, 11494, 315, 518, 7873, 0, 0),
	(559, 13606960, 98935292, 8, 145, 50, 212, 162, 0, 0, 131, 7, 11, 7, 158, 8, 18, 150, 10710, 316, 418, 11037, 541, 0),
	(560, 13606960, 90269023, 77, 11, 81, 114, 0, 116, 63, 132, 14, 9, 7, 207, 1, 22, 104, 13710, 424, 599, 17197, 2528, 0),
	(561, 13576053, 68652596, 50, 36, 180, 44, 185, 42, 46, 0, 1, 10, 10, 70, 10, 15, 544, 7159, 197, 257, 3550, 303, 0),
	(562, 13576053, 80000272, 80, 11, 131, 16, 0, 137, 63, 1, 8, 9, 7, 219, 24, 23, 2008, 12719, 391, 585, 11696, 1806, 0),
	(563, 13576053, 14721893, 77, 116, 81, 63, 143, 4, 9, 2, 6, 3, 9, 169, 2, 21, 1452, 13860, 320, 507, 7074, 428, 0),
	(564, 13576053, 18159666, 21, 102, 98, 46, 50, 36, 0, 3, 4, 8, 7, 109, 3, 17, 614, 10069, 245, 328, 7717, 737, 0),
	(565, 13576053, 87114295, 8, 11, 168, 154, 50, 108, 0, 4, 6, 6, 5, 233, 8, 22, 1066, 15235, 363, 545, 11795, 158, 0),
	(566, 13576053, 61234930, 1, 147, 139, 145, 81, 143, 63, 128, 8, 3, 7, 274, 1, 25, 922, 22839, 518, 684, 17994, 2550, 0),
	(567, 13576053, 33725606, 7, 1, 180, 108, 0, 0, 46, 129, 4, 6, 15, 38, 0, 16, 420, 9747, 232, 313, 9827, 316, 0),
	(568, 13576053, 52790064, 74, 50, 100, 185, 108, 46, 42, 130, 6, 4, 19, 104, 19, 20, 1265, 11538, 318, 443, 12395, 786, 0),
	(569, 13576053, 29293200, 28, 63, 73, 73, 53, 73, 0, 131, 3, 6, 11, 64, 4, 18, 231, 10245, 273, 393, 5453, 848, 2),
	(570, 13576053, 30983691, 53, 63, 168, 141, 98, 119, 135, 132, 14, 7, 11, 374, 0, 25, 2522, 28020, 665, 684, 27797, 4930, 0),
	(571, 13567939, 43985908, 53, 65, 63, 141, 152, 108, 168, 0, 1, 12, 2, 436, 1, 21, 1388, 21400, 536, 479, 9746, 3706, 0),
	(572, 13567939, 50540743, 47, 147, 116, 63, 125, 71, 46, 1, 12, 9, 7, 202, 16, 22, 1432, 13996, 345, 487, 17034, 229, 0),
	(573, 13567939, 33021431, 18, 73, 16, 172, 116, 63, 0, 2, 2, 10, 15, 88, 5, 16, 86, 8628, 199, 273, 8415, 77, 0),
	(574, 13567939, 42689958, 36, 121, 0, 125, 63, 46, 178, 3, 4, 7, 16, 138, 6, 21, 486, 12014, 263, 474, 13449, 75, 0),
	(575, 13567939, 82935118, 52, 116, 50, 36, 73, 46, 0, 4, 4, 11, 12, 94, 12, 16, 649, 8004, 219, 264, 8215, 874, 0),
	(576, 13567939, 33725606, 68, 79, 102, 0, 180, 40, 46, 128, 8, 7, 18, 38, 9, 19, 3017, 8525, 241, 397, 10190, 656, 0),
	(577, 13567939, 6567960, 63, 133, 133, 0, 137, 123, 63, 129, 21, 5, 13, 286, 19, 25, 1508, 27777, 562, 632, 25317, 5758, 0),
	(578, 13567939, 29994318, 74, 50, 46, 48, 96, 185, 108, 130, 9, 3, 17, 186, 7, 24, 964, 16614, 385, 603, 14489, 2306, 0),
	(579, 13567939, 52790064, 49, 11, 112, 0, 164, 116, 63, 131, 7, 5, 18, 219, 7, 23, 5216, 15286, 408, 537, 10989, 1559, 0),
	(580, 13567939, 12097933, 20, 46, 40, 108, 63, 42, 0, 132, 3, 5, 24, 56, 5, 21, 2146, 10822, 239, 445, 7632, 232, 0),
	(581, 7311495, 23680567, 7, 1, 180, 23, 36, 60, 21, 0, 4, 4, 5, 43, 3, 11, 559, 8362, 265, 226, 5455, 233, 0),
	(582, 7311495, 74221284, 13, 50, 73, 73, 57, 46, 24, 1, 5, 3, 3, 60, 9, 13, 3279, 6828, 296, 279, 5316, 1606, 0),
	(583, 7311495, 86726253, 32, 174, 56, 14, 63, 0, 147, 2, 3, 2, 9, 116, 3, 16, 2818, 11429, 412, 409, 7796, 1692, 0),
	(584, 7311495, 86715927, 74, 50, 185, 60, 100, 0, 22, 3, 5, 3, 7, 74, 10, 15, 488, 10508, 323, 371, 8773, 1217, 0),
	(585, 7311495, 93384502, 43, 114, 121, 0, 29, 0, 16, 4, 2, 4, 5, 163, 7, 17, 2047, 12444, 436, 497, 5387, 4616, 0),
	(586, 7311495, 33725606, 21, 63, 77, 88, 42, 16, 46, 128, 1, 4, 1, 37, 1, 11, 172, 3659, 157, 200, 2016, 88, 1),
	(587, 7311495, 52790064, 62, 71, 0, 29, 145, 46, 17, 129, 6, 3, 2, 61, 14, 14, 1373, 7224, 271, 316, 5018, 18, 0),
	(588, 7311495, 6567960, 50, 187, 63, 46, 0, 16, 77, 130, 2, 5, 5, 44, 13, 10, 4, 4236, 172, 193, 4669, 90, 4),
	(589, 7311495, 63651878, 9, 75, 63, 41, 170, 75, 25, 131, 1, 4, 1, 67, 9, 12, 519, 6101, 208, 267, 2443, 183, 0),
	(590, 7311495, 64703394, 14, 180, 131, 92, 36, 46, 36, 132, 6, 7, 3, 66, 15, 14, 1147, 6834, 247, 321, 8825, 0, 0),
	(591, 7252248, 25582659, 2, 127, 63, 36, 125, 121, 9, 0, 16, 8, 9, 156, 2, 20, 363, 13859, 369, 541, 16390, 113, 0),
	(592, 7252248, 33196888, 73, 50, 125, 158, 0, 16, 0, 1, 6, 5, 14, 130, 7, 19, 1533, 9779, 290, 447, 7691, 262, 0),
	(593, 7252248, 40589269, 19, 1, 119, 41, 63, 36, 0, 2, 4, 6, 19, 101, 2, 18, 215, 10874, 279, 405, 17358, 80, 0),
	(594, 7252248, 17625749, 32, 63, 32, 71, 10, 75, 16, 3, 4, 10, 10, 17, 4, 17, 939, 5616, 191, 379, 7071, 121, 0),
	(595, 7252248, 48484939, 10, 41, 36, 212, 63, 123, 24, 4, 5, 7, 10, 178, 8, 19, 419, 11944, 329, 457, 11437, 772, 0),
	(596, 7252248, 10166977, 40, 180, 108, 46, 90, 43, 212, 128, 6, 9, 21, 130, 6, 18, 2903, 13711, 404, 435, 19581, 2344, 0),
	(597, 7252248, 63651878, 33, 116, 96, 1, 63, 212, 0, 129, 5, 4, 16, 131, 4, 17, 1711, 15060, 398, 395, 6455, 2090, 0),
	(598, 7252248, 33725606, 21, 50, 79, 24, 88, 46, 58, 130, 3, 7, 12, 77, 10, 16, 1925, 10376, 310, 353, 6301, 1742, 0),
	(599, 7252248, 52790064, 62, 116, 36, 63, 168, 145, 154, 131, 17, 4, 12, 109, 21, 24, 3500, 20069, 572, 717, 21751, 2979, 0),
	(600, 7252248, 33116958, 30, 48, 73, 73, 0, 60, 21, 132, 2, 12, 15, 42, 23, 14, 1523, 6950, 240, 272, 6184, 523, 0),
	(601, 7249094, 10166977, 17, 96, 98, 46, 116, 63, 121, 0, 8, 2, 16, 334, 11, 25, 2930, 23635, 437, 546, 16569, 2503, 0),
	(602, 7249094, 63651878, 3, 36, 77, 108, 24, 63, 46, 1, 3, 6, 8, 85, 14, 17, 2174, 9864, 209, 262, 7325, 760, 0),
	(603, 7249094, 33725606, 54, 151, 1, 114, 143, 135, 63, 2, 10, 3, 6, 318, 2, 25, 4830, 22815, 495, 548, 14204, 3920, 0),
	(604, 7249094, 52790064, 74, 50, 96, 48, 185, 108, 46, 3, 5, 1, 15, 234, 58, 24, 3316, 16183, 352, 511, 15352, 936, 0),
	(605, 7249094, 33116958, 31, 79, 73, 73, 60, 48, 21, 4, 3, 7, 6, 106, 6, 18, 1376, 10621, 220, 305, 10151, 387, 0),
	(606, 7249094, 35873329, 57, 79, 119, 180, 178, 46, 0, 128, 4, 6, 8, 90, 3, 18, 242, 11203, 209, 286, 4360, 213, 0),
	(607, 7249094, 38175302, 43, 121, 77, 160, 114, 50, 0, 129, 7, 4, 10, 279, 10, 22, 1377, 18435, 344, 450, 22993, 940, 0),
	(608, 7249094, 34581642, 53, 96, 88, 65, 63, 168, 24, 130, 0, 12, 12, 269, 0, 19, 259, 18305, 359, 335, 8927, 1570, 0),
	(609, 7249094, 19748577, 21, 96, 102, 88, 15, 8, 63, 131, 5, 3, 4, 129, 4, 16, 1047, 12015, 223, 255, 8944, 950, 0),
	(610, 7249094, 10187, 29, 123, 34, 1, 0, 63, 73, 132, 2, 5, 15, 97, 4, 16, 381, 10890, 202, 252, 7428, 341, 0),
	(611, 7217572, 86790576, 40, 185, 46, 36, 29, 0, 0, 0, 2, 8, 14, 41, 4, 13, 363, 4884, 168, 239, 11275, 5, 0),
	(612, 7217572, 86822701, 41, 63, 16, 149, 145, 16, 16, 1, 3, 6, 7, 148, 7, 17, 390, 8524, 275, 409, 5184, 0, 0),
	(613, 7217572, 98231906, 36, 88, 131, 60, 63, 0, 15, 2, 3, 12, 14, 73, 3, 16, 389, 7244, 228, 335, 13035, 102, 0),
	(614, 7217572, 67563670, 21, 50, 79, 102, 36, 77, 8, 3, 5, 6, 6, 117, 12, 18, 700, 10221, 268, 438, 10769, 0, 0),
	(615, 7217572, 77130270, 9, 63, 75, 154, 36, 75, 0, 4, 8, 7, 5, 86, 12, 16, 1392, 7949, 241, 363, 12620, 299, 0),
	(616, 7217572, 64703394, 2, 1, 180, 125, 53, 0, 127, 128, 15, 5, 9, 127, 31, 21, 1037, 15219, 420, 579, 18196, 1048, 0),
	(617, 7217572, 52790064, 74, 96, 50, 16, 185, 0, 0, 129, 5, 4, 13, 90, 13, 17, 2504, 9618, 311, 412, 16945, 792, 0),
	(618, 7217572, 33725606, 64, 102, 90, 0, 36, 63, 0, 130, 4, 7, 13, 24, 4, 14, 532, 9487, 258, 276, 7412, 2359, 0),
	(619, 7217572, 10166977, 54, 151, 114, 46, 185, 63, 17, 131, 5, 2, 21, 169, 7, 20, 2919, 16209, 468, 535, 16449, 4870, 0),
	(620, 7217572, 41882541, 30, 36, 88, 180, 79, 60, 46, 132, 10, 7, 13, 80, 3, 18, 2577, 10688, 342, 433, 10545, 1097, 0),
	(621, 5133753, 87063488, 55, 50, 58, 90, 125, 9, 108, 0, 6, 9, 13, 216, 2, 22, 678, 17113, 338, 453, 13999, 87, 0),
	(622, 5133753, 35322798, 74, 50, 96, 108, 0, 0, 0, 1, 10, 10, 12, 105, 3, 22, 528, 13651, 285, 439, 18870, 589, 0),
	(623, 5133753, 86899604, 68, 63, 92, 100, 36, 0, 0, 2, 4, 10, 16, 54, 13, 17, 802, 10272, 219, 294, 15974, 159, 0),
	(624, 5133753, 86750951, 62, 168, 116, 11, 41, 63, 7, 3, 10, 18, 11, 93, 2, 20, 492, 13895, 307, 377, 13938, 194, 0),
	(625, 5133753, 86733349, 11, 116, 147, 1, 36, 48, 0, 4, 6, 12, 10, 259, 11, 23, 1787, 17629, 392, 502, 12026, 1174, 0),
	(626, 5133753, 6567960, 21, 96, 50, 135, 79, 46, 36, 128, 12, 7, 23, 205, 17, 25, 2065, 18223, 408, 564, 23580, 1862, 0),
	(627, 5133753, 29994318, 65, 1, 46, 24, 41, 63, 90, 129, 13, 9, 19, 144, 3, 25, 3207, 11822, 342, 562, 31303, 343, 0),
	(628, 5133753, 33725606, 56, 98, 116, 75, 63, 135, 0, 130, 14, 8, 15, 216, 16, 24, 3826, 16616, 396, 520, 21385, 3893, 0),
	(629, 5133753, 52790064, 31, 43, 108, 214, 188, 42, 46, 131, 10, 4, 22, 52, 8, 22, 2484, 11261, 251, 455, 27875, 421, 0),
	(630, 5133753, 34471003, 7, 34, 46, 108, 180, 0, 1, 132, 9, 8, 33, 46, 2, 23, 3911, 10116, 262, 491, 26396, 282, 0),
	(631, 5066668, 33725606, 42, 151, 178, 182, 65, 11, 63, 0, 0, 0, 10, 96, 2, 14, 3533, 8815, 459, 407, 3332, 2396, 0),
	(632, 5066668, 41882541, 27, 180, 108, 36, 0, 0, 0, 1, 4, 1, 7, 59, 0, 14, 1997, 8864, 407, 434, 4056, 2569, 0),
	(633, 5066668, 52790064, 39, 123, 15, 16, 0, 63, 15, 2, 6, 2, 8, 86, 10, 14, 3812, 7356, 422, 432, 6884, 1680, 0),
	(634, 5066668, 6567960, 32, 176, 174, 63, 36, 46, 170, 3, 15, 0, 5, 103, 4, 18, 878, 14902, 593, 695, 18482, 855, 0),
	(635, 5066668, 41929442, 74, 50, 24, 108, 185, 46, 57, 4, 1, 0, 11, 72, 5, 14, 408, 11271, 423, 426, 8673, 2838, 0),
	(636, 5066668, 19502139, 21, 29, 77, 77, 23, 0, 15, 128, 0, 8, 0, 69, 4, 10, 8, 3775, 193, 239, 6734, 0, 0),
	(637, 5066668, 320864, 41, 36, 63, 11, 0, 26, 56, 129, 0, 4, 1, 65, 6, 10, 325, 4474, 192, 247, 1111, 0, 0),
	(638, 5066668, 72940990, 52, 92, 43, 29, 46, 73, 16, 130, 1, 4, 2, 37, 7, 9, 542, 3336, 159, 196, 3168, 0, 0),
	(639, 5066668, 1607376, 54, 151, 65, 182, 0, 63, 0, 131, 1, 4, 1, 96, 0, 12, 384, 6515, 271, 301, 2889, 0, 0),
	(640, 5066668, 61298, 18, 180, 46, 13, 13, 16, 16, 132, 1, 7, 2, 26, 7, 9, 42, 2469, 128, 190, 4042, 107, 0),
	(641, 5062594, 33725606, 9, 174, 63, 75, 75, 18, 0, 0, 1, 7, 5, 93, 4, 13, 287, 6466, 212, 279, 7689, 291, 0),
	(642, 5062594, 29994318, 22, 180, 46, 41, 102, 24, 77, 1, 6, 7, 4, 77, 10, 16, 266, 7621, 247, 389, 18743, 80, 0),
	(643, 5062594, 41929442, 2, 180, 125, 0, 0, 0, 0, 2, 2, 11, 9, 95, 1, 14, 375, 4950, 231, 295, 10094, 0, 0),
	(644, 5062594, 52790064, 62, 71, 36, 69, 63, 22, 5, 3, 6, 4, 6, 57, 3, 14, 607, 7654, 228, 297, 6161, 0, 0),
	(645, 5062594, 12097933, 29, 63, 178, 73, 16, 0, 0, 4, 1, 9, 8, 25, 3, 12, 143, 4209, 141, 221, 5688, 260, 0),
	(646, 5062594, 45102224, 30, 36, 180, 102, 108, 46, 30, 128, 7, 3, 16, 72, 8, 18, 3772, 9809, 366, 489, 12037, 1096, 0),
	(647, 5062594, 45234194, 7, 1, 180, 73, 34, 60, 46, 129, 3, 6, 13, 40, 4, 15, 2438, 6373, 257, 348, 7898, 354, 0),
	(648, 5062594, 87288755, 8, 154, 50, 145, 71, 46, 81, 130, 12, 1, 8, 226, 18, 22, 6623, 14315, 595, 712, 11040, 3207, 0),
	(649, 5062594, 86740622, 74, 116, 50, 108, 36, 164, 185, 131, 12, 3, 15, 163, 6, 21, 3948, 14424, 499, 642, 13338, 4356, 0),
	(650, 5062594, 10108982, 54, 0, 151, 65, 55, 63, 9, 132, 3, 3, 10, 144, 9, 18, 5206, 11195, 445, 486, 7771, 1974, 0),
	(651, 5056705, 47478480, 1, 145, 63, 170, 125, 0, 0, 0, 0, 8, 2, 203, 20, 18, 40, 11390, 346, 416, 2668, 412, 0),
	(652, 5056705, 16326952, 50, 88, 102, 180, 21, 60, 0, 1, 1, 7, 10, 51, 3, 14, 253, 6660, 193, 251, 4814, 598, 0),
	(653, 5056705, 84435726, 62, 36, 63, 71, 145, 154, 30, 2, 7, 9, 6, 119, 3, 17, 1151, 12159, 355, 406, 9992, 320, 0),
	(654, 5056705, 34860585, 60, 63, 116, 210, 0, 73, 81, 3, 15, 6, 7, 127, 0, 21, 935, 14096, 386, 596, 18539, 1043, 1),
	(655, 5056705, 52320218, 38, 63, 36, 108, 0, 193, 0, 4, 6, 8, 9, 115, 2, 17, 628, 10769, 308, 388, 8886, 524, 0),
	(656, 5056705, 41929442, 63, 187, 123, 51, 0, 63, 0, 128, 3, 4, 17, 145, 12, 20, 1907, 12812, 353, 537, 8372, 2146, 0),
	(657, 5056705, 52790064, 4, 21, 125, 41, 63, 40, 61, 129, 6, 8, 10, 63, 7, 18, 2985, 7410, 269, 428, 7711, 217, 0),
	(658, 5056705, 64703394, 54, 151, 65, 46, 63, 182, 168, 130, 4, 5, 9, 187, 1, 19, 3243, 14070, 431, 465, 9853, 2218, 0),
	(659, 5056705, 33725606, 31, 79, 36, 63, 42, 0, 46, 131, 4, 8, 15, 20, 1, 16, 1606, 6490, 212, 347, 10032, 578, 0),
	(660, 5056705, 40098498, 32, 98, 196, 63, 30, 81, 170, 132, 21, 4, 8, 153, 11, 24, 2348, 16061, 459, 736, 21921, 831, 0),
	(661, 5053803, 67538528, 8, 11, 145, 55, 168, 50, 0, 0, 10, 0, 8, 99, 5, 19, 1531, 12531, 477, 693, 11832, 1076, 0),
	(662, 5053803, 92678499, 2, 125, 182, 180, 108, 0, 0, 1, 7, 4, 11, 86, 1, 17, 2216, 8535, 413, 549, 10343, 473, 0),
	(663, 5053803, 86892126, 17, 58, 77, 123, 63, 77, 24, 2, 5, 3, 7, 142, 12, 17, 294, 13763, 486, 563, 6326, 1545, 0),
	(664, 5053803, 86732433, 26, 102, 29, 92, 43, 17, 0, 3, 4, 4, 14, 5, 0, 15, 1794, 6135, 278, 441, 6926, 364, 0),
	(665, 5053803, 45141206, 70, 50, 152, 116, 81, 0, 0, 4, 16, 1, 5, 107, 0, 20, 5194, 11525, 587, 783, 20868, 3055, 0),
	(666, 5053803, 41882541, 31, 44, 29, 36, 42, 73, 0, 128, 1, 11, 5, 11, 4, 10, 347, 2817, 148, 223, 7359, 0, 0),
	(667, 5053803, 41929442, 1, 63, 69, 11, 0, 182, 0, 129, 1, 7, 1, 94, 6, 12, 1336, 4783, 252, 310, 4076, 61, 0),
	(668, 5053803, 64703394, 14, 36, 92, 180, 46, 0, 0, 130, 5, 13, 2, 31, 2, 11, 274, 3934, 188, 251, 7849, 0, 0),
	(669, 5053803, 52790064, 39, 69, 63, 15, 0, 16, 15, 131, 3, 7, 2, 48, 1, 12, 336, 3931, 192, 296, 8961, 116, 0),
	(670, 5053803, 33725606, 54, 151, 65, 182, 63, 11, 0, 132, 1, 6, 4, 80, 0, 12, 167, 6715, 263, 294, 2145, 0, 0),
	(671, 5034815, 22730975, 20, 36, 79, 63, 0, 0, 0, 0, 1, 7, 15, 43, 3, 15, 307, 6536, 189, 308, 5254, 19, 0),
	(672, 5034815, 86725105, 18, 63, 116, 46, 73, 149, 36, 1, 11, 7, 6, 110, 1, 17, 811, 10129, 298, 390, 13242, 129, 0),
	(673, 5034815, 12063585, 60, 92, 41, 108, 50, 21, 8, 2, 7, 6, 8, 130, 13, 18, 622, 10511, 308, 412, 9897, 131, 0),
	(674, 5034815, 38418490, 62, 81, 17, 63, 170, 75, 75, 3, 2, 10, 5, 76, 4, 14, 411, 7295, 220, 267, 3835, 121, 0),
	(675, 5034815, 16638355, 30, 36, 187, 180, 0, 46, 0, 4, 3, 9, 11, 28, 9, 13, 82, 5149, 148, 221, 9949, 42, 0),
	(676, 5034815, 45261336, 74, 50, 102, 108, 77, 41, 46, 128, 9, 5, 13, 89, 2, 18, 1850, 10296, 331, 430, 16030, 1849, 0),
	(677, 5034815, 41929442, 38, 41, 29, 108, 194, 46, 0, 129, 8, 5, 19, 117, 1, 21, 3321, 12672, 395, 561, 13897, 2127, 0),
	(678, 5034815, 64703394, 2, 1, 125, 46, 180, 119, 0, 130, 10, 4, 20, 119, 0, 20, 3702, 12280, 382, 505, 15206, 691, 0),
	(679, 5034815, 6567960, 41, 0, 63, 139, 26, 67, 125, 131, 6, 4, 12, 195, 25, 21, 1754, 16161, 452, 578, 7128, 1534, 0),
	(680, 5034815, 33725606, 9, 63, 185, 212, 75, 42, 0, 132, 5, 6, 15, 48, 4, 16, 1495, 9911, 281, 362, 8667, 1227, 0),
	(681, 4995646, 33240017, 21, 36, 77, 63, 23, 46, 77, 0, 4, 10, 7, 69, 3, 16, 425, 7274, 216, 340, 9631, 0, 0),
	(682, 4995646, 42317464, 49, 164, 112, 11, 0, 63, 0, 1, 6, 9, 5, 99, 2, 17, 77, 9488, 255, 351, 10758, 389, 0),
	(683, 4995646, 34241067, 7, 180, 0, 0, 1, 0, 0, 2, 0, 10, 10, 58, 0, 13, 596, 5473, 182, 232, 9989, 52, 0),
	(684, 4995646, 63351912, 33, 1, 79, 63, 88, 46, 36, 3, 5, 9, 5, 138, 2, 16, 725, 8940, 282, 312, 7346, 1459, 0),
	(685, 4995646, 93438827, 56, 71, 10, 46, 63, 123, 0, 4, 3, 6, 4, 112, 36, 16, 215, 8631, 232, 326, 6319, 30, 0),
	(686, 4995646, 41929442, 74, 50, 108, 185, 96, 0, 0, 128, 8, 5, 27, 137, 14, 20, 4251, 13918, 430, 517, 18676, 2890, 0),
	(687, 4995646, 52790064, 62, 8, 36, 63, 139, 145, 154, 129, 16, 2, 8, 106, 11, 21, 2979, 19344, 506, 543, 13360, 2188, 0),
	(688, 4995646, 64703394, 75, 102, 206, 63, 96, 36, 0, 130, 6, 3, 12, 160, 20, 20, 3978, 14234, 409, 506, 9474, 1702, 0),
	(689, 4995646, 33725606, 31, 79, 36, 63, 42, 46, 108, 131, 6, 5, 19, 29, 6, 17, 2261, 10418, 286, 373, 12349, 908, 0),
	(690, 4995646, 41882541, 1, 125, 63, 36, 46, 147, 139, 132, 8, 3, 14, 172, 2, 22, 2378, 15949, 435, 591, 10735, 1662, 0),
	(691, 4798943, 33725606, 29, 1, 79, 100, 185, 63, 46, 0, 12, 7, 28, 64, 5, 22, 2175, 13258, 348, 564, 13395, 1181, 0),
	(692, 4798943, 29994318, 45, 96, 46, 108, 180, 73, 0, 1, 9, 9, 24, 174, 5, 22, 4267, 13171, 400, 552, 18067, 2646, 0),
	(693, 4798943, 6567960, 34, 102, 96, 119, 178, 48, 0, 2, 9, 5, 25, 250, 6, 25, 5513, 17811, 502, 683, 17589, 1127, 0),
	(694, 4798943, 64703394, 71, 92, 116, 63, 46, 154, 112, 3, 21, 9, 22, 110, 9, 25, 3294, 17384, 449, 682, 21155, 4092, 0),
	(695, 4798943, 57868686, 26, 50, 0, 46, 73, 73, 0, 4, 6, 8, 21, 32, 12, 20, 3331, 8921, 275, 468, 8879, 1036, 0),
	(696, 4798943, 88383468, 9, 41, 75, 50, 174, 170, 0, 128, 4, 12, 7, 93, 5, 18, 283, 9693, 254, 358, 5589, 458, 0),
	(697, 4798943, 80025183, 66, 69, 180, 79, 108, 42, 81, 129, 5, 8, 13, 205, 0, 20, 391, 13351, 338, 464, 7555, 1434, 0),
	(698, 4798943, 1705756, 51, 92, 50, 90, 61, 36, 0, 130, 6, 13, 21, 69, 1, 19, 851, 9512, 262, 426, 17428, 286, 0),
	(699, 4798943, 2021935, 70, 36, 14, 125, 50, 116, 0, 131, 6, 11, 10, 84, 4, 17, 728, 9552, 256, 336, 6144, 545, 0),
	(700, 4798943, 14386585, 52, 180, 73, 9, 116, 108, 46, 132, 17, 15, 12, 154, 7, 22, 1029, 13915, 377, 551, 26640, 857, 0),
	(701, 4795769, 18456954, 66, 180, 79, 42, 88, 46, 43, 0, 3, 4, 6, 56, 0, 12, 1044, 6331, 227, 256, 5835, 893, 1),
	(702, 4795769, 22471098, 59, 151, 73, 0, 63, 0, 0, 1, 3, 6, 7, 79, 19, 14, 875, 7398, 286, 322, 7076, 561, 1),
	(703, 4795769, 10484644, 53, 36, 180, 152, 65, 0, 0, 2, 3, 5, 9, 116, 13, 15, 1957, 8132, 350, 396, 5164, 1202, 1),
	(704, 4795769, 97303529, 21, 41, 63, 164, 98, 135, 3, 3, 8, 3, 6, 76, 1, 15, 1322, 8535, 313, 411, 16194, 214, 1),
	(705, 4795769, 86816565, 74, 36, 0, 0, 0, 63, 0, 4, 6, 3, 2, 90, 15, 16, 1, 8204, 311, 440, 8995, 814, 2),
	(706, 4795769, 33725606, 54, 151, 1, 7, 65, 11, 63, 128, 5, 3, 7, 110, 0, 16, 397, 10950, 355, 424, 8243, 1575, 0),
	(707, 4795769, 29994318, 11, 41, 46, 75, 116, 63, 170, 129, 4, 6, 8, 137, 16, 16, 1395, 9699, 373, 423, 12652, 1251, 0),
	(708, 4795769, 6567960, 9, 36, 50, 212, 7, 75, 51, 130, 4, 3, 6, 82, 6, 15, 825, 8024, 280, 402, 6997, 1152, 0),
	(709, 4795769, 64703394, 16, 1, 180, 36, 46, 60, 0, 131, 3, 5, 8, 63, 5, 14, 1407, 6714, 258, 338, 7776, 161, 0),
	(710, 4795769, 87055399, 25, 48, 176, 0, 73, 0, 0, 132, 5, 6, 2, 78, 8, 13, 73, 9290, 297, 314, 7684, 398, 0),
	(711, 4641763, 55392167, 49, 63, 11, 164, 92, 36, 55, 0, 1, 14, 12, 128, 3, 18, 952, 7784, 266, 423, 5493, 397, 0),
	(712, 4641763, 55448526, 55, 119, 180, 36, 125, 0, 0, 1, 5, 7, 9, 145, 2, 19, 1212, 9124, 285, 465, 10850, 8, 0),
	(713, 4641763, 57331436, 51, 73, 73, 50, 125, 27, 27, 2, 3, 12, 11, 76, 1, 14, 382, 6111, 202, 252, 9313, 62, 0),
	(714, 4641763, 61629840, 4, 102, 39, 63, 46, 21, 71, 3, 7, 13, 6, 115, 8, 16, 446, 6830, 245, 350, 8712, 128, 0),
	(715, 4641763, 41161902, 15, 170, 125, 88, 63, 21, 17, 4, 7, 9, 11, 119, 18, 18, 147, 9160, 273, 418, 13171, 273, 0),
	(716, 4641763, 41882541, 27, 96, 67, 73, 73, 180, 69, 128, 4, 6, 13, 164, 4, 18, 1463, 13490, 389, 437, 9652, 3553, 0),
	(717, 4641763, 33725606, 54, 1, 151, 112, 65, 53, 63, 129, 5, 3, 17, 199, 2, 24, 1966, 19885, 528, 733, 9225, 2613, 0),
	(718, 4641763, 52790064, 31, 79, 108, 42, 214, 119, 0, 130, 18, 1, 22, 55, 14, 25, 2408, 14386, 395, 780, 25331, 1076, 0),
	(719, 4641763, 29994318, 35, 147, 46, 164, 63, 212, 139, 131, 9, 5, 16, 165, 39, 21, 1218, 17816, 466, 558, 16048, 3612, 0),
	(720, 4641763, 96604590, 71, 172, 116, 92, 108, 63, 182, 132, 17, 8, 15, 109, 4, 22, 4058, 12890, 436, 613, 17174, 1562, 0),
	(721, 4639160, 41882541, 1, 125, 147, 36, 63, 46, 0, 0, 2, 9, 5, 184, 5, 16, 677, 10354, 313, 356, 4226, 202, 0),
	(722, 4639160, 33725606, 22, 180, 57, 73, 46, 28, 73, 1, 2, 12, 10, 61, 1, 14, 776, 5362, 187, 265, 14424, 27, 0),
	(723, 4639160, 52790064, 60, 116, 63, 60, 41, 46, 21, 2, 10, 4, 8, 96, 13, 17, 1314, 9529, 259, 389, 10929, 0, 0),
	(724, 4639160, 12097933, 55, 50, 178, 60, 125, 22, 21, 3, 0, 4, 10, 129, 2, 13, 427, 9186, 241, 234, 9106, 82, 0),
	(725, 4639160, 29994318, 50, 79, 46, 36, 92, 63, 23, 4, 7, 7, 8, 37, 18, 15, 421, 7690, 203, 306, 6768, 209, 0),
	(726, 4639160, 77102486, 54, 151, 208, 158, 63, 0, 65, 128, 14, 2, 7, 230, 1, 22, 6242, 19364, 603, 649, 29217, 6024, 0),
	(727, 4639160, 2194662, 25, 92, 24, 0, 50, 57, 36, 129, 2, 9, 18, 79, 15, 14, 3083, 8014, 287, 275, 12394, 824, 0),
	(728, 4639160, 78151033, 42, 112, 63, 46, 178, 117, 168, 130, 10, 2, 12, 164, 6, 20, 5686, 13280, 450, 539, 13109, 3012, 0),
	(729, 4639160, 40358371, 21, 98, 50, 36, 46, 73, 0, 131, 4, 5, 11, 41, 3, 15, 1247, 9279, 261, 318, 10398, 1458, 0),
	(730, 4639160, 23702274, 4, 116, 154, 63, 0, 0, 46, 132, 5, 4, 12, 70, 8, 16, 1263, 11554, 318, 353, 9311, 1479, 0),
	(731, 4439078, 91372713, 21, 178, 36, 123, 46, 63, 30, 0, 6, 3, 17, 104, 6, 18, 3534, 9534, 410, 491, 12223, 1918, 0),
	(732, 4439078, 43873420, 73, 0, 0, 125, 0, 137, 63, 1, 7, 5, 15, 150, 7, 19, 1838, 14814, 533, 542, 13099, 2477, 0),
	(733, 4439078, 75342513, 22, 180, 41, 108, 0, 77, 0, 2, 9, 6, 19, 44, 4, 18, 3210, 8179, 349, 496, 15788, 841, 0),
	(734, 4439078, 714750, 39, 77, 63, 77, 123, 0, 0, 3, 6, 8, 17, 80, 0, 17, 2857, 9551, 374, 439, 13610, 1556, 0),
	(735, 4439078, 5064730, 1, 125, 11, 147, 81, 63, 0, 4, 9, 4, 16, 111, 7, 20, 2828, 11751, 454, 621, 13163, 2028, 0),
	(736, 4439078, 34471003, 4, 182, 11, 63, 41, 46, 102, 128, 5, 11, 9, 73, 18, 14, 578, 5895, 229, 319, 9088, 23, 0),
	(737, 4439078, 64703394, 61, 178, 36, 63, 67, 46, 67, 129, 3, 5, 1, 116, 10, 15, 445, 7614, 248, 369, 4681, 504, 0),
	(738, 4439078, 52790064, 31, 46, 29, 16, 60, 73, 42, 130, 4, 8, 13, 21, 8, 14, 683, 4103, 180, 315, 10261, 0, 0),
	(739, 4439078, 29994318, 26, 36, 46, 63, 73, 23, 0, 131, 2, 9, 11, 27, 1, 16, 944, 4579, 188, 407, 6524, 0, 0),
	(740, 4439078, 33725606, 42, 151, 34, 13, 63, 131, 21, 132, 7, 4, 7, 91, 2, 17, 318, 8781, 265, 451, 7692, 0, 0),
	(741, 4293152, 18207832, 47, 63, 116, 46, 147, 88, 52, 0, 11, 3, 11, 142, 7, 23, 4043, 15501, 502, 738, 17222, 1670, 0),
	(742, 4293152, 274543, 63, 41, 63, 123, 36, 137, 0, 1, 7, 2, 13, 155, 2, 22, 3078, 14614, 445, 668, 12497, 1299, 0),
	(743, 4293152, 40951074, 2, 48, 127, 1, 40, 0, 125, 2, 8, 5, 13, 140, 0, 18, 3319, 12331, 418, 455, 8070, 684, 0),
	(744, 4293152, 77824264, 50, 79, 180, 90, 36, 0, 0, 3, 3, 5, 10, 82, 9, 17, 3431, 9238, 326, 428, 3518, 1179, 0),
	(745, 4293152, 56345056, 62, 117, 145, 81, 168, 63, 133, 4, 6, 2, 11, 167, 2, 18, 1595, 18724, 512, 436, 9567, 3640, 0),
	(746, 4293152, 33725606, 9, 174, 42, 75, 75, 170, 63, 128, 7, 6, 6, 103, 9, 17, 609, 9086, 279, 395, 12211, 105, 0),
	(747, 4293152, 96637731, 30, 201, 180, 36, 0, 0, 13, 129, 4, 8, 4, 59, 10, 15, 77, 7219, 216, 307, 5128, 103, 0),
	(748, 4293152, 19184090, 61, 178, 88, 135, 63, 27, 0, 130, 2, 6, 3, 127, 7, 17, 466, 9128, 275, 388, 11119, 993, 0),
	(749, 4293152, 3630124, 54, 182, 25, 151, 63, 154, 55, 131, 2, 6, 9, 149, 1, 17, 347, 11515, 331, 413, 11371, 208, 0),
	(750, 4293152, 25495411, 16, 22, 73, 63, 23, 73, 21, 132, 1, 9, 3, 71, 0, 13, 149, 6003, 191, 229, 8038, 237, 0),
	(751, 3811802, 61459835, 4, 102, 63, 116, 170, 75, 75, 0, 9, 2, 9, 149, 8, 17, 1197, 14939, 541, 563, 9968, 2654, 0),
	(752, 3811802, 86822527, 50, 79, 81, 63, 0, 0, 0, 1, 4, 4, 8, 73, 4, 13, 858, 8346, 311, 330, 6721, 980, 0),
	(753, 3811802, 92415510, 14, 0, 92, 180, 137, 125, 0, 2, 10, 2, 10, 87, 3, 17, 1309, 11726, 442, 542, 12752, 1306, 0),
	(754, 3811802, 90540563, 40, 90, 0, 185, 36, 73, 180, 3, 7, 3, 14, 113, 3, 15, 3569, 8917, 436, 403, 10108, 1772, 0),
	(755, 3811802, 86861146, 63, 75, 75, 125, 63, 137, 0, 4, 5, 2, 17, 93, 9, 17, 1567, 10749, 393, 507, 12231, 1789, 0),
	(756, 3811802, 52790064, 29, 40, 36, 46, 180, 0, 0, 128, 2, 4, 3, 23, 3, 10, 967, 3249, 147, 201, 4300, 7, 0),
	(757, 3811802, 10166977, 51, 59, 59, 0, 0, 0, 0, 129, 0, 9, 5, 51, 2, 10, 142, 5431, 219, 204, 10218, 52, 0),
	(758, 3811802, 33725606, 54, 151, 11, 39, 0, 182, 63, 130, 3, 5, 6, 90, 1, 13, 1316, 4815, 232, 334, 5055, 0, 0),
	(759, 3811802, 6567960, 61, 36, 178, 212, 46, 21, 63, 131, 2, 9, 4, 106, 2, 15, 1018, 6009, 307, 407, 6608, 693, 0),
	(760, 3811802, 64703394, 25, 36, 180, 185, 0, 0, 0, 132, 3, 9, 4, 59, 3, 12, 260, 4819, 203, 271, 11121, 84, 0),
	(761, 3809717, 30475808, 17, 77, 121, 0, 63, 0, 0, 0, 1, 6, 8, 109, 3, 16, 244, 8861, 233, 342, 6581, 57, 0),
	(762, 3809717, 90003051, 37, 88, 77, 63, 60, 23, 21, 1, 3, 9, 14, 91, 2, 15, 1318, 7088, 214, 304, 13820, 701, 0),
	(763, 3809717, 31140888, 49, 178, 63, 31, 154, 164, 112, 2, 8, 3, 5, 199, 7, 20, 852, 14795, 369, 527, 11782, 721, 0),
	(764, 3809717, 33392113, 63, 7, 36, 63, 123, 51, 212, 3, 12, 3, 12, 161, 3, 24, 920, 13649, 347, 709, 20878, 254, 0),
	(765, 3809717, 70914927, 66, 88, 79, 180, 38, 46, 23, 4, 2, 8, 9, 94, 3, 14, 622, 5911, 186, 243, 3042, 158, 0),
	(766, 3809717, 64703394, 41, 65, 172, 63, 147, 145, 46, 128, 10, 7, 7, 247, 15, 23, 5367, 16434, 542, 666, 12224, 3197, 0),
	(767, 3809717, 10166977, 11, 147, 63, 141, 116, 164, 46, 129, 13, 2, 5, 294, 10, 22, 6624, 20309, 614, 601, 15987, 5458, 0),
	(768, 3809717, 33725606, 71, 116, 63, 60, 46, 154, 21, 130, 4, 5, 6, 147, 9, 17, 1604, 13950, 367, 375, 5759, 1924, 0),
	(769, 3809717, 96637731, 52, 36, 180, 41, 108, 0, 0, 131, 1, 7, 9, 82, 20, 17, 4186, 7369, 295, 368, 10756, 2415, 0),
	(770, 3809717, 52790064, 31, 79, 29, 73, 42, 40, 73, 132, 1, 6, 14, 31, 7, 14, 1559, 6526, 204, 262, 10871, 413, 0),
	(771, 3737563, 96108524, 18, 116, 172, 11, 141, 63, 162, 0, 8, 2, 10, 174, 10, 21, 3945, 16364, 483, 578, 14226, 2228, 0),
	(772, 3737563, 19028025, 20, 36, 212, 0, 60, 50, 41, 1, 5, 7, 11, 25, 2, 15, 2908, 6539, 249, 324, 4892, 1317, 0),
	(773, 3737563, 94984982, 59, 92, 116, 63, 114, 55, 0, 2, 11, 8, 15, 133, 7, 19, 1658, 16840, 469, 484, 21150, 3865, 0),
	(774, 3737563, 23186198, 22, 180, 36, 108, 0, 0, 40, 3, 4, 7, 18, 51, 4, 16, 1237, 9224, 260, 337, 12440, 580, 0),
	(775, 3737563, 52439902, 35, 152, 63, 141, 0, 0, 0, 4, 5, 10, 11, 109, 9, 18, 1382, 12740, 372, 456, 8525, 2465, 0),
	(776, 3737563, 33725606, 31, 63, 73, 46, 60, 21, 23, 128, 9, 7, 15, 38, 1, 14, 758, 6664, 199, 280, 15935, 58, 0),
	(777, 3737563, 64703394, 71, 116, 36, 40, 63, 46, 21, 129, 13, 10, 10, 70, 6, 18, 152, 9079, 290, 421, 14061, 409, 0),
	(778, 3737563, 31792550, 63, 125, 36, 54, 46, 63, 30, 130, 6, 2, 5, 77, 1, 16, 906, 8947, 244, 355, 5801, 0, 0),
	(779, 3737563, 92904721, 16, 1, 36, 108, 0, 63, 0, 131, 4, 6, 11, 109, 1, 16, 180, 9452, 253, 337, 5973, 0, 0),
	(780, 3737563, 83479132, 50, 36, 187, 79, 180, 73, 46, 132, 2, 8, 5, 67, 5, 15, 201, 7578, 203, 307, 2183, 122, 0),
	(781, 3735432, 91078774, 30, 73, 50, 108, 69, 73, 69, 0, 8, 6, 12, 91, 11, 20, 1441, 11585, 321, 523, 8930, 468, 0),
	(782, 3735432, 91793505, 25, 1, 180, 57, 24, 0, 16, 1, 4, 5, 15, 48, 3, 16, 1601, 8491, 261, 355, 8469, 462, 0),
	(783, 3735432, 77181802, 35, 75, 147, 63, 168, 75, 166, 2, 4, 3, 7, 178, 4, 16, 951, 14715, 380, 346, 6291, 3611, 0),
	(784, 3735432, 85374633, 41, 65, 63, 164, 139, 135, 145, 3, 10, 4, 11, 243, 16, 23, 2632, 22123, 607, 693, 12007, 5178, 0),
	(785, 3735432, 37460177, 14, 48, 41, 108, 131, 73, 73, 4, 6, 4, 6, 105, 2, 19, 1564, 11048, 309, 476, 7397, 186, 0),
	(786, 3735432, 64703394, 74, 102, 206, 36, 63, 58, 15, 128, 7, 7, 6, 134, 20, 16, 443, 11124, 315, 357, 10609, 271, 0),
	(787, 3735432, 33725606, 33, 1, 178, 12, 116, 46, 63, 129, 2, 7, 9, 102, 9, 16, 88, 9511, 259, 329, 6524, 78, 0),
	(788, 3735432, 52790064, 60, 21, 92, 125, 46, 21, 180, 130, 7, 9, 6, 65, 8, 16, 105, 7563, 246, 330, 8891, 124, 0),
	(789, 3735432, 31792550, 63, 44, 36, 75, 75, 63, 137, 131, 2, 6, 10, 53, 1, 15, 153, 8319, 215, 307, 4831, 127, 0),
	(790, 3735432, 34471003, 70, 182, 11, 81, 50, 0, 0, 132, 2, 5, 0, 56, 0, 11, 76, 4250, 185, 171, 1371, 121, 2),
	(791, 3707966, 9833983, 31, 40, 50, 21, 79, 73, 60, 0, 7, 6, 10, 74, 4, 17, 433, 9291, 230, 343, 9621, 114, 0),
	(792, 3707966, 16222051, 70, 1, 46, 29, 154, 81, 21, 1, 7, 10, 7, 181, 4, 20, 350, 12930, 339, 476, 11917, 799, 0),
	(793, 3707966, 93435768, 18, 116, 92, 180, 152, 46, 0, 2, 6, 5, 10, 82, 2, 17, 361, 10970, 256, 344, 13771, 322, 0),
	(794, 3707966, 65264868, 17, 41, 121, 24, 40, 69, 63, 3, 5, 7, 11, 135, 8, 18, 200, 12010, 284, 387, 8461, 330, 0),
	(795, 3707966, 19573376, 47, 116, 22, 46, 71, 131, 63, 4, 4, 9, 4, 146, 30, 18, 244, 11172, 289, 378, 8973, 872, 0),
	(796, 3707966, 34471003, 21, 98, 50, 53, 46, 88, 164, 128, 11, 5, 13, 120, 11, 21, 2757, 13724, 366, 518, 15168, 1452, 0),
	(797, 3707966, 170233, 6, 152, 46, 75, 147, 63, 139, 129, 16, 6, 12, 190, 30, 25, 3098, 18671, 493, 699, 17921, 4786, 0),
	(798, 3707966, 31900759, 27, 100, 36, 180, 42, 46, 108, 130, 2, 8, 11, 93, 9, 17, 938, 11714, 288, 356, 4617, 2506, 0),
	(799, 3707966, 12097933, 29, 9, 1, 63, 46, 73, 73, 131, 5, 6, 20, 45, 3, 20, 2728, 9161, 273, 455, 9515, 797, 0),
	(800, 3707966, 33725606, 54, 151, 65, 112, 114, 63, 143, 132, 3, 4, 12, 275, 1, 21, 1564, 20515, 484, 539, 9159, 1789, 0),
	(801, 3566127, 64703394, 34, 41, 48, 0, 15, 15, 16, 0, 0, 3, 1, 49, 12, 11, 122, 4148, 160, 267, 11404, 14, 0),
	(802, 3566127, 34471003, 36, 88, 63, 34, 73, 73, 46, 1, 1, 10, 1, 58, 3, 10, 44, 4089, 178, 210, 3157, 0, 0),
	(803, 3566127, 33725606, 54, 151, 65, 182, 63, 11, 10, 2, 0, 4, 2, 123, 0, 14, 73, 7615, 284, 390, 2115, 0, 0),
	(804, 3566127, 52790064, 37, 180, 44, 0, 0, 0, 0, 3, 1, 4, 0, 38, 17, 9, 259, 4009, 163, 189, 3538, 0, 0),
	(805, 3566127, 5776031, 51, 50, 36, 46, 28, 73, 73, 4, 0, 7, 0, 67, 8, 10, 31, 3879, 177, 214, 4084, 0, 0),
	(806, 3566127, 26768230, 73, 145, 125, 36, 63, 11, 0, 128, 0, 0, 8, 96, 4, 15, 2527, 9219, 404, 442, 2520, 1716, 0),
	(807, 3566127, 33390609, 31, 63, 36, 79, 21, 0, 0, 129, 2, 1, 14, 56, 6, 15, 3539, 5895, 338, 477, 9169, 911, 0),
	(808, 3566127, 42174542, 8, 71, 50, 145, 143, 154, 46, 130, 22, 1, 3, 138, 8, 19, 3866, 15194, 709, 750, 22039, 2947, 0),
	(809, 3566127, 20025898, 40, 88, 63, 16, 16, 125, 133, 131, 3, 0, 5, 124, 0, 16, 1702, 10771, 440, 527, 5306, 1727, 0),
	(810, 3566127, 25659371, 2, 1, 127, 11, 63, 27, 125, 132, 0, 0, 3, 140, 0, 13, 1753, 8600, 362, 354, 323, 563, 0),
	(811, 3516520, 64703394, 19, 180, 46, 0, 15, 15, 0, 0, 4, 12, 4, 83, 13, 13, 1127, 3255, 237, 304, 10051, 32, 0),
	(812, 3516520, 52790064, 31, 42, 73, 43, 21, 27, 29, 1, 3, 6, 9, 27, 7, 16, 1304, 4411, 189, 440, 12066, 0, 0),
	(813, 3516520, 6567960, 10, 212, 63, 46, 36, 75, 75, 2, 4, 6, 3, 62, 4, 13, 714, 4994, 212, 322, 5445, 107, 0),
	(814, 3516520, 33725606, 54, 151, 34, 182, 63, 11, 17, 3, 1, 7, 6, 83, 4, 13, 414, 5400, 225, 294, 3740, 0, 0),
	(815, 3516520, 86451077, 29, 36, 180, 46, 182, 67, 69, 4, 2, 6, 9, 110, 2, 13, 489, 6774, 265, 329, 6084, 0, 0),
	(816, 3516520, 86752094, 75, 46, 36, 206, 77, 63, 0, 128, 3, 2, 8, 23, 3, 13, 1696, 7074, 273, 334, 5548, 1673, 0),
	(817, 3516520, 59491422, 47, 116, 147, 75, 51, 63, 125, 129, 21, 2, 9, 104, 1, 20, 1416, 16700, 577, 707, 19967, 3004, 0),
	(818, 3516520, 27425904, 16, 48, 36, 1, 92, 11, 60, 130, 3, 5, 20, 93, 11, 15, 458, 10172, 410, 421, 10073, 833, 0),
	(819, 3516520, 81992529, 18, 172, 116, 0, 180, 46, 16, 131, 6, 5, 4, 94, 5, 15, 2789, 7962, 368, 397, 9627, 1307, 0),
	(820, 3516520, 32848432, 45, 79, 36, 63, 46, 108, 0, 132, 3, 3, 20, 63, 19, 16, 325, 11238, 375, 473, 13490, 2051, 0),
	(821, 3515329, 45397790, 62, 187, 168, 46, 63, 81, 145, 0, 8, 6, 8, 204, 47, 23, 2221, 14514, 389, 598, 12787, 951, 0),
	(822, 3515329, 64703394, 11, 1, 116, 147, 63, 55, 36, 1, 13, 5, 4, 254, 17, 23, 840, 17824, 414, 577, 14324, 1002, 0),
	(823, 3515329, 52790064, 2, 1, 127, 131, 180, 61, 9, 2, 4, 6, 11, 135, 2, 19, 115, 11470, 254, 404, 6064, 168, 0),
	(824, 3515329, 6567960, 34, 96, 41, 58, 102, 48, 0, 3, 5, 6, 8, 264, 17, 22, 1376, 14687, 373, 552, 16323, 163, 0),
	(825, 3515329, 33725606, 20, 79, 36, 63, 0, 188, 46, 4, 2, 7, 12, 43, 5, 17, 788, 7373, 185, 336, 6190, 131, 0),
	(826, 3515329, 27376505, 54, 65, 21, 8, 63, 168, 141, 128, 5, 6, 9, 214, 4, 22, 3783, 16610, 463, 540, 9767, 2065, 0),
	(827, 3515329, 86853801, 16, 1, 180, 0, 108, 13, 0, 129, 8, 11, 9, 103, 3, 21, 1222, 10675, 318, 479, 12345, 513, 0),
	(828, 3515329, 86794535, 45, 79, 41, 100, 73, 63, 36, 130, 4, 6, 13, 122, 3, 20, 4148, 11660, 345, 477, 13225, 2373, 0),
	(829, 3515329, 39532422, 53, 65, 96, 63, 108, 141, 7, 131, 7, 4, 7, 343, 2, 24, 6920, 20665, 590, 668, 13135, 2983, 0),
	(830, 3515329, 18321073, 63, 36, 141, 75, 63, 135, 0, 132, 5, 5, 7, 153, 7, 23, 1271, 15715, 368, 586, 12292, 2449, 0),
	(831, 3397622, 8058031, 66, 73, 63, 23, 79, 21, 22, 0, 1, 11, 13, 128, 0, 16, 2596, 9091, 277, 299, 4289, 991, 0),
	(832, 3397622, 39001468, 28, 151, 116, 92, 125, 168, 63, 1, 9, 6, 12, 153, 6, 22, 2473, 16721, 396, 544, 10215, 2644, 0),
	(833, 3397622, 53822512, 25, 116, 180, 100, 185, 0, 60, 2, 12, 5, 18, 168, 8, 22, 5973, 12956, 418, 533, 21452, 2117, 0),
	(834, 3397622, 22201317, 49, 151, 156, 116, 112, 30, 63, 3, 12, 6, 16, 244, 4, 25, 3076, 23131, 562, 647, 17748, 4285, 0),
	(835, 3397622, 86726087, 31, 79, 50, 46, 108, 39, 21, 4, 11, 9, 16, 101, 1, 22, 2630, 10346, 331, 510, 17832, 1260, 0),
	(836, 3397622, 52790064, 29, 1, 0, 92, 131, 180, 46, 128, 5, 7, 23, 76, 5, 18, 1231, 9121, 231, 369, 9898, 167, 0),
	(837, 3397622, 29994318, 40, 90, 46, 24, 36, 63, 73, 129, 6, 12, 16, 91, 8, 17, 498, 9297, 243, 331, 14001, 570, 0),
	(838, 3397622, 33725606, 32, 174, 147, 71, 116, 63, 0, 130, 6, 7, 16, 166, 7, 22, 90, 14801, 324, 513, 11560, 598, 0),
	(839, 3397622, 6567960, 71, 92, 172, 162, 116, 125, 63, 131, 16, 11, 14, 123, 8, 21, 967, 13119, 334, 497, 14031, 1514, 0),
	(840, 3397622, 68078289, 68, 180, 79, 46, 36, 100, 0, 132, 4, 9, 22, 50, 5, 19, 522, 9055, 211, 399, 13451, 245, 0),
	(841, 3394117, 29816843, 6, 71, 63, 164, 147, 36, 139, 0, 7, 7, 13, 152, 3, 20, 365, 16582, 402, 479, 9679, 4003, 0),
	(842, 3394117, 87279345, 21, 102, 88, 69, 46, 63, 24, 1, 5, 7, 15, 58, 2, 18, 420, 9665, 265, 367, 7444, 1056, 0),
	(843, 3394117, 87251389, 20, 50, 102, 90, 36, 108, 46, 2, 11, 7, 13, 90, 5, 19, 515, 13898, 331, 443, 10685, 1719, 0),
	(844, 3394117, 19197644, 53, 65, 96, 147, 88, 63, 0, 3, 2, 13, 12, 191, 1, 17, 271, 15315, 397, 339, 8073, 1718, 0),
	(845, 3394117, 34369023, 29, 180, 114, 36, 1, 46, 131, 4, 6, 7, 18, 90, 5, 19, 956, 12714, 309, 445, 10624, 721, 0),
	(846, 3394117, 34471003, 4, 102, 125, 0, 137, 63, 21, 128, 18, 7, 12, 163, 27, 23, 2550, 14949, 398, 627, 16447, 1189, 0),
	(847, 3394117, 29994318, 18, 1, 46, 36, 116, 73, 63, 129, 1, 7, 12, 160, 18, 17, 942, 9584, 260, 357, 7801, 431, 0),
	(848, 3394117, 6567960, 14, 92, 60, 131, 180, 46, 21, 130, 14, 10, 10, 100, 9, 22, 2039, 9118, 311, 556, 15028, 0, 0),
	(849, 3394117, 52790064, 31, 42, 21, 79, 43, 214, 60, 131, 7, 2, 11, 43, 13, 18, 1607, 7879, 204, 374, 10702, 251, 0),
	(850, 3394117, 33725606, 40, 102, 88, 73, 46, 131, 63, 132, 1, 8, 17, 102, 5, 16, 127, 8364, 212, 295, 9124, 196, 0),
	(851, 3376892, 73256110, 58, 60, 21, 63, 36, 88, 77, 0, 2, 10, 5, 68, 12, 13, 239, 6159, 194, 242, 5396, 624, 0),
	(852, 3376892, 93422431, 28, 11, 116, 1, 63, 0, 16, 1, 4, 9, 8, 126, 12, 16, 356, 9019, 268, 330, 6108, 202, 0),
	(853, 3376892, 93845500, 17, 0, 180, 57, 77, 24, 77, 2, 4, 9, 7, 113, 4, 16, 1050, 7046, 250, 349, 5559, 265, 0),
	(854, 3376892, 67672354, 68, 46, 180, 188, 23, 16, 0, 3, 6, 9, 11, 8, 5, 13, 348, 5561, 163, 220, 10075, 71, 0),
	(855, 3376892, 53672524, 75, 98, 63, 46, 77, 77, 0, 4, 6, 9, 10, 83, 5, 15, 34, 7485, 234, 314, 13007, 761, 0),
	(856, 3376892, 57527302, 59, 73, 55, 26, 63, 116, 117, 128, 12, 4, 7, 147, 13, 20, 5388, 11036, 406, 547, 15087, 2816, 0),
	(857, 3376892, 33725606, 54, 151, 98, 11, 65, 143, 63, 129, 4, 5, 8, 205, 7, 21, 4028, 13790, 446, 582, 6375, 2642, 0),
	(858, 3376892, 6567960, 8, 145, 50, 36, 145, 108, 46, 130, 15, 3, 11, 193, 22, 23, 2602, 19282, 520, 708, 20739, 1961, 0),
	(859, 3376892, 52790064, 31, 108, 214, 46, 0, 43, 0, 131, 10, 4, 19, 27, 5, 19, 3766, 7691, 286, 486, 16163, 306, 0),
	(860, 3376892, 69525085, 27, 41, 100, 180, 185, 21, 46, 132, 5, 7, 7, 74, 3, 17, 2046, 9004, 291, 392, 4297, 1448, 0),
	(861, 3334525, 6935566, 69, 50, 125, 137, 44, 112, 108, 0, 10, 10, 8, 261, 7, 25, 1078, 18740, 437, 622, 13654, 536, 0),
	(862, 3334525, 79543217, 13, 63, 0, 108, 46, 40, 185, 1, 8, 9, 15, 136, 2, 23, 3567, 9408, 300, 551, 14485, 1007, 0),
	(863, 3334525, 38043003, 4, 71, 154, 127, 164, 63, 17, 2, 6, 8, 11, 136, 10, 20, 780, 12070, 273, 422, 9399, 370, 0),
	(864, 3334525, 91567247, 51, 50, 41, 108, 92, 61, 0, 3, 4, 11, 13, 233, 1, 19, 983, 8606, 303, 371, 13505, 356, 0),
	(865, 3334525, 69395408, 14, 92, 131, 41, 180, 0, 0, 4, 5, 13, 10, 60, 3, 17, 1196, 6554, 191, 294, 10464, 63, 0),
	(866, 3334525, 10166977, 61, 98, 46, 63, 116, 114, 139, 128, 12, 2, 14, 307, 5, 25, 4670, 24648, 570, 621, 22548, 5512, 0),
	(867, 3334525, 33725606, 68, 102, 79, 63, 100, 0, 46, 129, 9, 10, 19, 108, 12, 21, 3566, 11729, 338, 467, 11982, 2362, 0),
	(868, 3334525, 29994318, 2, 1, 46, 125, 114, 63, 131, 130, 14, 12, 11, 207, 8, 23, 2305, 14889, 400, 555, 11032, 1600, 0),
	(869, 3334525, 68078289, 20, 180, 168, 56, 36, 0, 0, 131, 7, 5, 18, 70, 2, 21, 3214, 9634, 267, 460, 9939, 208, 0),
	(870, 3334525, 12097933, 29, 119, 1, 63, 46, 73, 73, 132, 4, 6, 20, 140, 0, 23, 950, 12762, 339, 562, 11886, 1723, 0),
	(871, 3331154, 42106326, 17, 41, 36, 180, 46, 57, 24, 0, 4, 5, 11, 109, 6, 16, 2321, 6499, 272, 353, 9258, 69, 0),
	(872, 3331154, 25944663, 32, 174, 116, 63, 71, 0, 36, 1, 8, 7, 6, 177, 23, 17, 203, 11674, 349, 391, 10481, 30, 0),
	(873, 3331154, 96560018, 18, 73, 73, 63, 73, 26, 0, 2, 2, 7, 9, 43, 8, 13, 893, 4565, 165, 256, 5900, 51, 0),
	(874, 3331154, 30103421, 75, 63, 88, 73, 46, 15, 34, 3, 0, 6, 14, 26, 6, 12, 644, 4270, 136, 222, 9027, 49, 0),
	(875, 3331154, 79295108, 9, 174, 0, 8, 46, 63, 21, 4, 6, 3, 4, 123, 8, 16, 1259, 9659, 282, 359, 9575, 113, 0),
	(876, 3331154, 41929442, 36, 79, 63, 121, 46, 30, 0, 128, 7, 5, 11, 167, 6, 18, 4711, 10599, 404, 448, 13661, 1593, 0),
	(877, 3331154, 34471003, 37, 63, 92, 88, 42, 16, 0, 129, 1, 5, 12, 28, 4, 13, 3733, 5926, 234, 226, 5272, 1121, 0),
	(878, 3331154, 12097933, 28, 151, 116, 0, 63, 73, 0, 130, 6, 3, 8, 88, 5, 18, 4755, 9859, 369, 464, 6581, 3725, 0),
	(879, 3331154, 33725606, 54, 151, 208, 46, 65, 98, 63, 131, 7, 1, 5, 209, 3, 20, 2694, 17860, 508, 555, 5458, 3617, 0),
	(880, 3331154, 10166977, 7, 1, 180, 21, 102, 36, 46, 132, 7, 6, 16, 99, 5, 19, 4023, 9632, 364, 476, 14430, 1175, 0),
	(881, 3165716, 92667892, 67, 11, 63, 174, 71, 170, 24, 0, 7, 5, 13, 67, 8, 16, 656, 10425, 379, 440, 12046, 1311, 0),
	(882, 3165716, 10126376, 8, 145, 63, 81, 16, 154, 8, 1, 8, 3, 10, 134, 10, 20, 2222, 14906, 542, 710, 15132, 3589, 0),
	(883, 3165716, 92672100, 40, 88, 63, 152, 0, 0, 0, 2, 7, 8, 13, 35, 3, 13, 2463, 6785, 334, 327, 8952, 1071, 0),
	(884, 3165716, 59162834, 39, 96, 63, 46, 24, 41, 0, 3, 12, 1, 10, 111, 6, 19, 676, 15283, 505, 623, 16985, 2040, 0),
	(885, 3165716, 1446489, 42, 168, 63, 46, 36, 151, 92, 4, 4, 4, 10, 71, 6, 18, 2344, 10644, 411, 576, 9374, 1954, 0),
	(886, 3165716, 33725606, 54, 151, 65, 17, 182, 63, 46, 128, 4, 7, 5, 139, 3, 16, 92, 8800, 316, 461, 9177, 0, 0),
	(887, 3165716, 34471003, 50, 92, 29, 0, 16, 0, 28, 129, 1, 10, 10, 23, 9, 12, 410, 3594, 141, 258, 4460, 0, 0),
	(888, 3165716, 52790064, 14, 41, 29, 131, 0, 0, 0, 130, 8, 9, 2, 54, 4, 16, 436, 3880, 219, 437, 9016, 0, 0),
	(889, 3165716, 6567960, 41, 46, 36, 125, 63, 0, 0, 131, 1, 6, 8, 85, 8, 14, 828, 5552, 233, 342, 7332, 0, 0),
	(890, 3165716, 29994318, 17, 63, 46, 77, 77, 57, 77, 132, 5, 8, 6, 67, 5, 14, 382, 4761, 214, 339, 9259, 0, 0),
	(891, 3164099, 55214910, 35, 152, 63, 40, 52, 32, 168, 0, 4, 7, 8, 280, 64, 22, 914, 16976, 380, 502, 18308, 1624, 0),
	(892, 3164099, 40416215, 9, 41, 75, 63, 147, 52, 164, 1, 4, 7, 8, 205, 6, 21, 1886, 13160, 319, 458, 16508, 765, 0),
	(893, 3164099, 67646792, 33, 1, 116, 119, 42, 63, 46, 2, 6, 6, 7, 222, 1, 21, 620, 16210, 340, 446, 13827, 932, 0),
	(894, 3164099, 67769444, 32, 174, 63, 71, 139, 154, 0, 3, 10, 4, 8, 194, 10, 22, 33, 17551, 342, 484, 15035, 346, 0),
	(895, 3164099, 67926609, 50, 92, 180, 79, 43, 0, 0, 4, 3, 12, 12, 48, 10, 15, 10, 7561, 183, 231, 7872, 604, 2),
	(896, 3164099, 41882541, 21, 63, 194, 102, 77, 0, 46, 128, 4, 7, 7, 152, 4, 21, 3866, 12695, 338, 453, 6165, 1920, 0),
	(897, 3164099, 33725606, 54, 151, 98, 143, 1, 112, 63, 129, 8, 4, 15, 244, 1, 23, 837, 22225, 464, 556, 13785, 2581, 0),
	(898, 3164099, 6567960, 11, 36, 152, 160, 147, 30, 63, 130, 12, 6, 12, 261, 23, 25, 4455, 18412, 485, 613, 22061, 6860, 0),
	(899, 3164099, 34471003, 37, 79, 92, 63, 185, 40, 0, 131, 3, 4, 15, 47, 8, 19, 2827, 9386, 233, 392, 8233, 1025, 0),
	(900, 3164099, 52790064, 67, 50, 22, 125, 147, 137, 46, 132, 9, 7, 24, 217, 14, 22, 1444, 16849, 408, 519, 20900, 1226, 0),
	(901, 3117792, 46750798, 67, 114, 160, 63, 137, 125, 31, 0, 7, 3, 12, 261, 5, 23, 1218, 21240, 465, 614, 16666, 2077, 0),
	(902, 3117792, 62215459, 2, 1, 50, 125, 127, 41, 58, 1, 3, 6, 18, 150, 3, 18, 355, 14085, 323, 380, 13576, 1084, 0),
	(903, 3117792, 27784380, 55, 48, 125, 108, 36, 24, 57, 2, 3, 4, 15, 125, 5, 17, 1196, 13104, 301, 347, 10179, 1661, 0),
	(904, 3117792, 27192219, 17, 96, 63, 123, 98, 69, 46, 3, 20, 2, 6, 221, 18, 25, 1813, 21786, 491, 675, 18024, 4168, 0),
	(905, 3117792, 86754712, 29, 112, 46, 63, 131, 57, 0, 4, 1, 0, 10, 86, 6, 16, 495, 11441, 235, 312, 3086, 1211, 0),
	(906, 3117792, 29994318, 51, 180, 46, 73, 36, 125, 21, 128, 3, 9, 4, 142, 6, 16, 2317, 6074, 226, 310, 13964, 77, 0),
	(907, 3117792, 6567960, 43, 116, 36, 63, 41, 46, 125, 129, 3, 9, 3, 152, 5, 15, 1130, 10052, 250, 279, 16957, 871, 0),
	(908, 3117792, 52790064, 1, 145, 125, 147, 63, 143, 0, 130, 4, 3, 3, 287, 30, 21, 1177, 17124, 385, 507, 11227, 491, 0),
	(909, 3117792, 33725606, 54, 151, 116, 4, 63, 9, 46, 131, 2, 5, 7, 219, 0, 20, 1692, 11270, 296, 464, 12653, 194, 0),
	(910, 3117792, 54742394, 20, 34, 63, 94, 42, 46, 0, 132, 0, 8, 9, 21, 5, 13, 319, 4698, 123, 191, 8925, 248, 0),
	(911, 3069253, 33725606, 53, 63, 88, 0, 0, 0, 108, 0, 0, 6, 7, 138, 0, 13, 1672, 6542, 258, 262, 8907, 0, 0),
	(912, 3069253, 64703394, 26, 102, 36, 46, 42, 63, 0, 1, 2, 5, 5, 48, 6, 12, 334, 5874, 176, 232, 6253, 4, 0),
	(913, 3069253, 52790064, 62, 71, 145, 46, 21, 63, 0, 2, 5, 1, 4, 79, 7, 16, 1008, 8939, 270, 419, 5843, 0, 0),
	(914, 3069253, 86996828, 22, 41, 16, 16, 16, 29, 0, 3, 0, 4, 2, 22, 1, 8, 0, 1669, 97, 104, 5909, 0, 2),
	(915, 3069253, 82155626, 59, 151, 63, 92, 164, 21, 46, 4, 13, 11, 3, 100, 8, 17, 245, 8505, 299, 464, 16799, 0, 0),
	(916, 3069253, 51348254, 34, 41, 96, 48, 24, 24, 0, 128, 11, 0, 4, 129, 6, 18, 1402, 14959, 431, 494, 15032, 737, 0),
	(917, 3069253, 86828239, 31, 36, 79, 63, 0, 0, 0, 129, 3, 7, 11, 50, 12, 14, 2805, 5800, 258, 302, 8336, 801, 0),
	(918, 3069253, 46794882, 1, 145, 182, 147, 63, 143, 0, 130, 10, 3, 5, 251, 7, 22, 5987, 15059, 594, 732, 12057, 3213, 0),
	(919, 3069253, 49029767, 51, 180, 127, 0, 92, 125, 46, 131, 1, 7, 7, 60, 6, 12, 499, 7530, 236, 234, 6789, 278, 0),
	(920, 3069253, 92829583, 32, 50, 11, 71, 154, 81, 0, 132, 2, 3, 4, 130, 6, 15, 3545, 9020, 349, 367, 5555, 2030, 0),
	(921, 3020597, 86747256, 21, 46, 50, 102, 58, 90, 57, 0, 5, 1, 15, 126, 1, 20, 624, 15121, 358, 540, 8064, 1486, 0),
	(922, 3020597, 6567960, 53, 98, 152, 63, 158, 108, 133, 1, 17, 3, 18, 364, 11, 24, 609, 28710, 732, 719, 24899, 4033, 0),
	(923, 3020597, 33725606, 54, 151, 116, 17, 11, 63, 7, 2, 4, 4, 6, 124, 0, 17, 544, 11800, 305, 382, 3235, 843, 0),
	(924, 3020597, 52790064, 73, 178, 125, 48, 30, 55, 137, 3, 7, 3, 17, 147, 6, 20, 2088, 14429, 388, 518, 11614, 1109, 0),
	(925, 3020597, 64703394, 40, 180, 36, 42, 79, 46, 0, 4, 4, 9, 25, 67, 4, 15, 1979, 7385, 278, 313, 15644, 855, 0),
	(926, 3020597, 76524037, 27, 180, 42, 46, 79, 0, 0, 128, 0, 12, 4, 113, 3, 14, 928, 6336, 227, 247, 4258, 881, 0),
	(927, 3020597, 29983043, 39, 77, 36, 63, 77, 96, 0, 129, 5, 8, 7, 126, 5, 15, 188, 10024, 262, 318, 9004, 352, 0),
	(928, 3020597, 86804200, 5, 63, 1, 46, 36, 0, 125, 130, 4, 9, 8, 106, 9, 16, 1233, 7802, 254, 352, 9360, 334, 0),
	(929, 3020597, 9839159, 61, 81, 137, 63, 52, 0, 0, 131, 7, 5, 5, 237, 1, 20, 1432, 12175, 394, 507, 13433, 1768, 0),
	(930, 3020597, 1723565, 60, 63, 125, 73, 60, 21, 22, 132, 3, 6, 7, 75, 13, 15, 516, 7735, 215, 282, 7682, 0, 0),
	(931, 2967987, 93813171, 69, 50, 11, 81, 125, 108, 9, 0, 12, 6, 9, 85, 5, 18, 1551, 13144, 454, 514, 11947, 721, 0),
	(932, 2967987, 84360836, 59, 151, 13, 164, 13, 48, 0, 1, 8, 7, 10, 66, 2, 15, 1996, 9601, 386, 401, 13072, 3877, 0),
	(933, 2967987, 89230590, 37, 36, 79, 29, 0, 0, 0, 2, 2, 2, 17, 63, 4, 16, 5486, 4220, 280, 414, 6576, 1568, 0),
	(934, 2967987, 94162340, 67, 50, 114, 36, 125, 137, 0, 3, 15, 2, 20, 146, 9, 22, 1541, 15604, 503, 798, 22484, 639, 0),
	(935, 2967987, 44258101, 51, 50, 41, 201, 125, 0, 34, 4, 7, 4, 16, 84, 4, 17, 2122, 10071, 372, 486, 15190, 802, 0),
	(936, 2967987, 6567960, 73, 102, 34, 16, 178, 63, 125, 128, 3, 8, 10, 84, 5, 14, 534, 7333, 284, 355, 8827, 225, 0),
	(937, 2967987, 29994318, 13, 36, 77, 46, 73, 77, 63, 129, 8, 13, 4, 37, 5, 15, 1838, 4449, 250, 365, 11123, 47, 0),
	(938, 2967987, 52790064, 53, 65, 108, 88, 29, 0, 0, 130, 1, 6, 7, 90, 3, 13, 516, 7595, 278, 286, 8583, 1026, 0),
	(939, 2967987, 41929442, 11, 41, 75, 75, 116, 63, 46, 131, 3, 8, 9, 116, 5, 15, 640, 8836, 310, 365, 12011, 555, 0),
	(940, 2967987, 33725606, 31, 86, 63, 44, 16, 42, 16, 132, 3, 10, 9, 9, 3, 11, 567, 3842, 151, 225, 8817, 18, 0),
	(941, 2759606, 86813916, 29, 36, 1, 125, 63, 41, 96, 0, 6, 4, 12, 136, 8, 19, 965, 13564, 345, 473, 13844, 604, 0),
	(942, 2759606, 17849429, 66, 180, 79, 0, 88, 0, 0, 1, 0, 5, 8, 59, 3, 15, 1245, 6151, 201, 284, 2827, 706, 0),
	(943, 2759606, 46754839, 1, 143, 139, 145, 81, 63, 147, 2, 9, 3, 6, 334, 19, 25, 2625, 22700, 612, 772, 12954, 4893, 0),
	(944, 2759606, 61730874, 43, 50, 127, 46, 36, 119, 123, 3, 11, 1, 4, 179, 7, 22, 3171, 15202, 428, 613, 15550, 3684, 0),
	(945, 2759606, 86852022, 54, 151, 63, 127, 182, 112, 0, 4, 4, 4, 12, 165, 7, 19, 2831, 13085, 391, 484, 14626, 1338, 0),
	(946, 2759606, 6567960, 53, 63, 36, 88, 108, 58, 24, 128, 2, 6, 4, 202, 1, 16, 352, 11894, 319, 325, 5849, 745, 0),
	(947, 2759606, 52790064, 23, 152, 145, 63, 34, 42, 0, 129, 2, 5, 8, 134, 21, 17, 929, 10658, 293, 368, 7852, 341, 0),
	(948, 2759606, 41929442, 6, 147, 63, 75, 116, 164, 0, 130, 5, 4, 5, 218, 11, 20, 793, 14951, 399, 507, 11165, 1423, 0),
	(949, 2759606, 33725606, 59, 116, 63, 13, 26, 16, 0, 131, 2, 10, 8, 70, 0, 14, 49, 7648, 215, 260, 7991, 875, 0),
	(950, 2759606, 10166977, 14, 37, 180, 0, 92, 21, 60, 132, 6, 8, 8, 61, 1, 16, 596, 8416, 238, 325, 8414, 393, 0),
	(951, 2757753, 11112118, 14, 41, 180, 53, 131, 108, 34, 0, 11, 2, 9, 114, 5, 19, 2375, 13100, 463, 598, 15064, 2029, 0),
	(952, 2757753, 89076311, 53, 187, 168, 44, 36, 63, 0, 1, 6, 7, 9, 142, 0, 15, 1295, 10344, 429, 364, 8958, 4447, 0),
	(953, 2757753, 87073458, 28, 92, 36, 63, 1, 53, 125, 2, 11, 2, 13, 89, 22, 19, 3838, 11409, 458, 580, 13975, 1911, 0),
	(954, 2757753, 86720377, 20, 180, 36, 92, 46, 185, 0, 3, 4, 6, 24, 23, 1, 14, 1659, 7282, 296, 360, 8951, 878, 0),
	(955, 2757753, 89489561, 31, 79, 73, 54, 50, 0, 0, 4, 6, 5, 5, 44, 5, 15, 2145, 8849, 329, 363, 8761, 1857, 0),
	(956, 2757753, 6567960, 16, 92, 180, 0, 36, 46, 23, 128, 2, 7, 14, 25, 8, 13, 396, 5434, 190, 297, 6134, 16, 0),
	(957, 2757753, 52790064, 1, 11, 63, 145, 16, 182, 61, 129, 4, 4, 3, 127, 18, 15, 1157, 7724, 292, 386, 5084, 880, 0),
	(958, 2757753, 41929442, 21, 36, 46, 41, 79, 29, 44, 130, 4, 12, 7, 63, 1, 13, 184, 5566, 226, 274, 8093, 44, 0),
	(959, 2757753, 33725606, 7, 178, 44, 39, 63, 12, 16, 131, 2, 11, 8, 13, 1, 10, 341, 3594, 142, 194, 5147, 0, 0),
	(960, 2757753, 10166977, 4, 102, 172, 63, 116, 11, 0, 132, 8, 5, 6, 125, 24, 18, 482, 12698, 417, 542, 8011, 490, 0),
	(961, 2612040, 13015894, 35, 147, 185, 164, 63, 135, 46, 0, 9, 7, 16, 300, 7, 25, 776, 20668, 371, 468, 20667, 3488, 0),
	(962, 2612040, 61683122, 9, 147, 174, 46, 139, 0, 63, 1, 7, 9, 13, 204, 5, 24, 264, 16898, 289, 434, 20173, 1216, 0),
	(963, 2612040, 51079365, 7, 1, 119, 108, 67, 180, 0, 2, 9, 16, 22, 226, 2, 25, 878, 14806, 325, 460, 35246, 671, 0),
	(964, 2612040, 76479000, 28, 151, 116, 81, 63, 114, 55, 3, 4, 10, 14, 281, 9, 25, 2021, 18453, 324, 459, 12216, 601, 0),
	(965, 2612040, 95245114, 31, 41, 180, 36, 108, 58, 3, 4, 19, 15, 15, 133, 17, 25, 375, 15295, 291, 462, 30957, 1009, 0),
	(966, 2612040, 6567960, 18, 116, 1, 63, 172, 154, 112, 128, 11, 9, 25, 208, 11, 25, 1583, 21439, 392, 463, 30984, 3587, 0),
	(967, 2612040, 52790064, 67, 147, 174, 114, 137, 125, 63, 129, 15, 4, 27, 324, 3, 25, 2242, 24042, 450, 471, 34469, 4181, 0),
	(968, 2612040, 68078289, 33, 63, 88, 46, 1, 100, 116, 130, 6, 13, 25, 195, 0, 23, 1773, 12755, 306, 407, 15637, 1519, 0),
	(969, 2612040, 64703394, 34, 102, 96, 178, 48, 41, 119, 131, 15, 11, 26, 322, 11, 25, 5156, 17773, 432, 459, 33250, 1556, 0),
	(970, 2612040, 33725606, 37, 50, 79, 127, 90, 0, 46, 132, 8, 11, 17, 92, 11, 21, 2015, 12158, 239, 339, 11346, 540, 0),
	(971, 2608535, 28661006, 38, 112, 46, 0, 73, 73, 63, 0, 2, 5, 11, 105, 6, 18, 2131, 9404, 269, 375, 6314, 869, 0),
	(972, 2608535, 86746638, 14, 13, 50, 90, 108, 53, 46, 1, 12, 8, 17, 141, 1, 21, 727, 13856, 363, 511, 15910, 574, 0),
	(973, 2608535, 86838564, 68, 102, 79, 180, 46, 96, 0, 2, 9, 1, 24, 111, 11, 20, 3565, 13826, 353, 479, 16681, 1935, 0),
	(974, 2608535, 90992965, 17, 121, 63, 36, 24, 46, 188, 3, 11, 9, 14, 119, 5, 22, 1117, 12445, 348, 575, 13861, 799, 0),
	(975, 2608535, 29607427, 27, 180, 194, 60, 37, 116, 0, 4, 12, 3, 18, 152, 8, 19, 1752, 16709, 383, 417, 14796, 3183, 0),
	(976, 2608535, 6567960, 18, 36, 1, 63, 178, 8, 21, 128, 4, 11, 14, 118, 11, 18, 562, 8184, 259, 372, 9910, 24, 0),
	(977, 2608535, 52790064, 1, 147, 21, 145, 0, 61, 63, 129, 8, 6, 1, 263, 16, 20, 606, 14029, 368, 458, 9053, 287, 0),
	(978, 2608535, 33725606, 31, 36, 86, 42, 63, 94, 46, 130, 2, 4, 5, 30, 3, 13, 875, 5468, 141, 217, 8027, 14, 0),
	(979, 2608535, 68078289, 20, 63, 42, 44, 36, 46, 57, 131, 7, 14, 7, 19, 1, 15, 192, 5509, 156, 263, 6659, 29, 0),
	(980, 2608535, 12097933, 40, 88, 46, 21, 63, 170, 8, 132, 3, 11, 10, 115, 4, 16, 184, 8435, 245, 289, 12024, 749, 0),
	(981, 2520456, 91984501, 32, 22, 18, 0, 174, 0, 63, 0, 5, 6, 15, 35, 3, 14, 1417, 7275, 333, 437, 8742, 353, 0),
	(982, 2520456, 86344700, 22, 100, 180, 0, 41, 108, 0, 1, 11, 1, 14, 50, 7, 16, 1934, 9582, 403, 516, 17656, 295, 0),
	(983, 2520456, 94089130, 59, 151, 164, 53, 63, 61, 0, 2, 9, 4, 7, 160, 0, 18, 4161, 10830, 610, 673, 13877, 5533, 0),
	(984, 2520456, 59226088, 64, 73, 108, 180, 46, 23, 0, 3, 10, 4, 13, 60, 8, 19, 2762, 8580, 452, 699, 14324, 1341, 0),
	(985, 2520456, 80104272, 38, 172, 73, 9, 36, 63, 0, 4, 8, 5, 14, 63, 1, 17, 1509, 8169, 420, 570, 8170, 1432, 0),
	(986, 2520456, 33725606, 68, 44, 63, 77, 23, 73, 57, 128, 8, 9, 5, 38, 3, 13, 862, 4921, 266, 353, 9814, 0, 0),
	(987, 2520456, 33116958, 28, 36, 63, 44, 0, 42, 0, 129, 2, 9, 7, 16, 4, 12, 1062, 2519, 158, 298, 3024, 0, 0),
	(988, 2520456, 30642199, 42, 36, 178, 63, 0, 11, 0, 130, 3, 9, 7, 43, 1, 14, 461, 4534, 199, 408, 5864, 50, 0),
	(989, 2520456, 86747841, 8, 125, 29, 0, 11, 16, 0, 131, 3, 6, 5, 33, 1, 12, 1004, 3299, 190, 317, 5044, 0, 0),
	(990, 2520456, 86715951, 66, 94, 92, 29, 4, 16, 88, 132, 4, 10, 6, 67, 0, 12, 566, 4496, 230, 293, 4529, 202, 0),
	(991, 2505189, 33725606, 31, 79, 102, 42, 185, 0, 63, 0, 6, 6, 10, 61, 2, 18, 319, 9752, 203, 333, 15386, 1303, 0),
	(992, 2505189, 52790064, 69, 11, 119, 48, 125, 113, 137, 1, 9, 7, 10, 271, 13, 23, 1344, 18359, 457, 547, 17723, 1509, 0),
	(993, 2505189, 6567960, 65, 92, 1, 23, 46, 125, 63, 2, 8, 10, 12, 190, 10, 21, 1267, 10518, 324, 467, 15697, 1016, 0),
	(994, 2505189, 77556546, 22, 180, 108, 133, 25, 37, 25, 3, 12, 7, 12, 122, 1, 20, 1153, 11388, 285, 436, 25824, 473, 0),
	(995, 2505189, 93764802, 29, 29, 69, 0, 1, 119, 0, 4, 0, 4, 14, 156, 5, 21, 2681, 9945, 263, 465, 5901, 430, 0),
	(996, 2505189, 32265713, 53, 63, 152, 108, 201, 24, 46, 128, 4, 7, 8, 255, 0, 20, 1272, 16285, 402, 430, 9485, 3768, 0),
	(997, 2505189, 37651406, 4, 63, 102, 36, 137, 0, 46, 129, 8, 10, 9, 120, 13, 21, 3503, 10814, 293, 470, 9749, 339, 0),
	(998, 2505189, 92465995, 39, 41, 36, 123, 46, 63, 108, 130, 5, 8, 14, 104, 0, 20, 295, 13394, 278, 419, 13141, 802, 0),
	(999, 2505189, 80874901, 9, 147, 41, 63, 0, 55, 75, 131, 11, 5, 10, 166, 7, 22, 399, 17604, 382, 514, 12364, 3365, 0),
	(1000, 2505189, 40607455, 54, 116, 81, 158, 50, 0, 125, 132, 5, 7, 13, 210, 1, 23, 220, 16165, 379, 568, 15242, 1578, 0),
	(1001, 2192394, 41882541, 1, 63, 125, 46, 21, 16, 16, 0, 3, 8, 2, 96, 5, 15, 451, 6374, 208, 318, 4535, 0, 0),
	(1002, 2192394, 52790064, 47, 50, 10, 36, 125, 0, 0, 1, 3, 5, 4, 75, 9, 14, 237, 6839, 196, 280, 8653, 0, 0),
	(1003, 2192394, 33725606, 2, 11, 31, 27, 63, 73, 125, 2, 2, 10, 1, 105, 0, 12, 338, 6298, 207, 229, 2903, 23, 0),
	(1004, 2192394, 6567960, 21, 102, 50, 88, 37, 36, 77, 3, 3, 4, 7, 105, 14, 16, 771, 7814, 244, 358, 12182, 97, 0),
	(1005, 2192394, 93831363, 63, 0, 16, 125, 137, 16, 88, 4, 2, 5, 7, 137, 22, 16, 408, 9122, 277, 383, 10089, 182, 0),
	(1006, 2192394, 12226039, 32, 174, 125, 63, 36, 0, 139, 128, 7, 1, 12, 173, 14, 21, 3829, 14764, 481, 635, 16743, 2803, 0),
	(1007, 2192394, 440180, 49, 41, 116, 63, 51, 0, 0, 129, 8, 2, 12, 86, 5, 18, 4214, 11178, 394, 448, 8976, 3243, 0),
	(1008, 2192394, 92646844, 37, 180, 77, 77, 21, 23, 46, 130, 4, 6, 6, 49, 5, 13, 3800, 5321, 254, 250, 5884, 1154, 0),
	(1009, 2192394, 35712014, 26, 63, 102, 36, 88, 79, 0, 131, 8, 3, 14, 27, 3, 16, 1847, 8650, 277, 388, 9134, 1365, 0),
	(1010, 2192394, 92685391, 9, 41, 154, 46, 158, 63, 36, 132, 5, 2, 8, 157, 4, 17, 3785, 13119, 446, 427, 12446, 3944, 0),
	(1011, 2190627, 89509006, 35, 75, 75, 39, 0, 0, 0, 0, 0, 1, 0, 15, 5, 5, 584, 1440, 160, 167, 252, 0, 1),
	(1012, 2190627, 86716677, 65, 73, 0, 16, 16, 16, 73, 1, 0, 1, 0, 14, 0, 5, 416, 1489, 154, 200, 228, 0, 1),
	(1013, 2190627, 23680567, 28, 42, 44, 16, 16, 182, 0, 2, 0, 0, 0, 7, 0, 3, 857, 816, 114, 93, 0, 0, 1),
	(1014, 2190627, 87160849, 39, 88, 44, 39, 16, 16, 16, 3, 0, 0, 0, 7, 0, 3, 1, 849, 100, 90, 78, 0, 3),
	(1015, 2190627, 86728897, 18, 88, 182, 39, 16, 16, 29, 4, 0, 0, 0, 13, 2, 5, 752, 1731, 173, 181, 478, 0, 1),
	(1016, 2190627, 64703394, 34, 41, 29, 44, 15, 15, 16, 128, 2, 0, 0, 32, 7, 8, 2291, 1693, 360, 452, 3767, 17, 0),
	(1017, 2190627, 52790064, 37, 88, 16, 44, 16, 16, 0, 129, 0, 0, 0, 17, 12, 6, 1997, 919, 246, 262, 379, 495, 0),
	(1018, 2190627, 33725606, 2, 29, 11, 182, 16, 13, 56, 130, 0, 0, 1, 36, 0, 6, 706, 2423, 269, 239, 358, 0, 0),
	(1019, 2190627, 6567960, 21, 39, 50, 88, 44, 16, 15, 131, 0, 0, 0, 50, 18, 9, 2100, 2293, 403, 474, 870, 515, 0),
	(1020, 2190627, 41882541, 1, 44, 0, 182, 16, 16, 16, 132, 0, 0, 0, 32, 1, 7, 2798, 599, 297, 288, 53, 533, 1),
	(1021, 2127446, 60027655, 55, 125, 48, 16, 178, 194, 16, 0, 2, 1, 11, 133, 5, 16, 925, 11526, 401, 461, 3566, 2159, 0),
	(1022, 2127446, 86714306, 31, 63, 30, 46, 36, 185, 60, 1, 12, 3, 10, 29, 5, 14, 2998, 7894, 370, 373, 12732, 2066, 0),
	(1023, 2127446, 87966572, 1, 114, 147, 46, 63, 0, 145, 2, 12, 2, 14, 191, 7, 19, 2471, 17854, 683, 681, 16627, 3759, 0),
	(1024, 2127446, 86726245, 21, 79, 50, 36, 88, 46, 10, 3, 2, 2, 6, 54, 9, 14, 2681, 6680, 312, 365, 3728, 2566, 0),
	(1025, 2127446, 86734129, 51, 131, 50, 41, 125, 60, 36, 4, 10, 1, 11, 78, 11, 15, 3651, 9042, 410, 422, 14598, 918, 0),
	(1026, 2127446, 6567960, 60, 92, 50, 46, 36, 73, 0, 128, 2, 10, 3, 58, 7, 12, 410, 4039, 190, 277, 5165, 0, 0),
	(1027, 2127446, 64703394, 15, 44, 50, 125, 36, 22, 46, 129, 1, 6, 4, 79, 14, 12, 195, 5729, 214, 266, 7739, 0, 0),
	(1028, 2127446, 33725606, 68, 44, 39, 63, 16, 16, 42, 130, 2, 10, 5, 7, 5, 9, 136, 2410, 104, 150, 4904, 0, 0),
	(1029, 2127446, 52790064, 30, 36, 73, 0, 73, 16, 29, 131, 1, 7, 4, 18, 6, 8, 93, 3027, 104, 137, 6486, 0, 0),
	(1030, 2127446, 81176921, 32, 63, 44, 22, 71, 75, 75, 132, 2, 5, 1, 61, 3, 10, 1035, 4544, 191, 218, 2436, 0, 0),
	(1031, 2125037, 24326040, 68, 50, 0, 0, 0, 0, 0, 0, 0, 6, 6, 31, 3, 9, 232, 2565, 162, 216, 2920, 0, 0),
	(1032, 2125037, 43113234, 49, 36, 125, 92, 63, 0, 0, 1, 2, 2, 6, 56, 3, 12, 232, 5484, 217, 345, 4659, 0, 0),
	(1033, 2125037, 45602714, 14, 29, 0, 0, 41, 0, 0, 2, 1, 7, 5, 19, 1, 10, 749, 1505, 146, 234, 4191, 0, 0),
	(1034, 2125037, 92787845, 20, 42, 63, 92, 36, 0, 16, 3, 2, 7, 7, 17, 5, 12, 301, 3557, 174, 317, 6580, 27, 0),
	(1035, 2125037, 86728963, 62, 46, 41, 75, 63, 75, 16, 4, 6, 8, 5, 41, 0, 13, 1721, 3586, 284, 422, 8923, 0, 0),
	(1036, 2125037, 6567960, 70, 1, 48, 81, 125, 46, 21, 128, 17, 3, 5, 61, 5, 17, 1325, 12429, 637, 663, 19623, 4184, 0),
	(1037, 2125037, 33725606, 31, 79, 63, 13, 102, 0, 0, 129, 3, 3, 14, 15, 4, 14, 584, 6889, 314, 428, 10760, 978, 0),
	(1038, 2125037, 71086432, 21, 96, 50, 88, 102, 36, 46, 130, 8, 4, 2, 90, 21, 15, 805, 11874, 522, 517, 8912, 2315, 0),
	(1039, 2125037, 86734785, 50, 102, 178, 46, 180, 30, 0, 131, 2, 2, 4, 79, 2, 14, 3627, 6610, 402, 426, 3311, 941, 0),
	(1040, 2125037, 93426341, 59, 44, 164, 50, 141, 0, 0, 132, 0, 4, 3, 99, 0, 13, 444, 9225, 410, 377, 1251, 48, 0),
	(1041, 1997111, 6567960, 35, 36, 152, 63, 135, 164, 46, 0, 21, 10, 17, 152, 19, 24, 5302, 14949, 430, 611, 21034, 1407, 0),
	(1042, 1997111, 52790064, 67, 170, 29, 125, 36, 137, 0, 1, 3, 6, 35, 154, 11, 24, 5535, 11219, 349, 626, 11600, 730, 0),
	(1043, 1997111, 33725606, 68, 79, 36, 63, 100, 0, 73, 2, 5, 7, 17, 30, 12, 18, 1363, 8985, 220, 346, 10653, 174, 0),
	(1044, 1997111, 33024455, 42, 151, 112, 116, 46, 63, 168, 3, 10, 3, 14, 188, 5, 24, 1605, 21954, 474, 638, 17715, 2746, 0),
	(1045, 1997111, 24360103, 60, 100, 116, 92, 108, 63, 0, 4, 18, 6, 23, 196, 13, 25, 4875, 15741, 494, 653, 24814, 384, 0),
	(1046, 1997111, 86738730, 28, 187, 63, 168, 0, 0, 125, 128, 9, 9, 4, 124, 8, 20, 1053, 11305, 279, 452, 11076, 124, 1),
	(1047, 1997111, 86912512, 21, 180, 34, 0, 123, 0, 0, 129, 4, 11, 9, 128, 5, 19, 68, 8529, 258, 391, 13319, 362, 0),
	(1048, 1997111, 91370588, 5, 92, 42, 0, 50, 16, 0, 130, 2, 16, 8, 11, 3, 13, 57, 4448, 126, 196, 11325, 35, 0),
	(1049, 1997111, 6026630, 41, 116, 145, 63, 11, 55, 40, 131, 9, 11, 5, 229, 4, 22, 598, 13760, 352, 525, 14241, 168, 0),
	(1050, 1997111, 89833510, 16, 1, 41, 180, 46, 60, 11, 132, 7, 12, 5, 91, 1, 15, 3, 7384, 210, 267, 15668, 77, 3),
	(1051, 1940140, 86860605, 11, 1, 116, 75, 63, 75, 164, 0, 0, 4, 11, 183, 8, 17, 3630, 11240, 409, 454, 6286, 2370, 0),
	(1052, 1940140, 17168730, 31, 36, 50, 79, 42, 43, 46, 1, 1, 8, 17, 47, 9, 15, 2292, 7400, 275, 358, 9593, 867, 0),
	(1053, 1940140, 20855168, 20, 63, 46, 43, 36, 125, 170, 2, 3, 9, 12, 33, 5, 17, 1488, 8569, 290, 413, 3966, 773, 0),
	(1054, 1940140, 29517560, 70, 125, 152, 50, 0, 81, 114, 3, 19, 1, 5, 167, 4, 25, 6113, 15534, 576, 870, 21818, 4302, 0),
	(1055, 1940140, 27786306, 52, 96, 102, 40, 63, 0, 41, 4, 13, 4, 7, 137, 11, 19, 3578, 12860, 469, 520, 16446, 4026, 0),
	(1056, 1940140, 10166977, 32, 174, 75, 125, 63, 170, 0, 128, 8, 6, 7, 131, 15, 19, 1087, 10258, 324, 538, 11362, 385, 0),
	(1057, 1940140, 52173538, 53, 65, 88, 108, 0, 63, 58, 129, 3, 6, 6, 160, 5, 15, 601, 11504, 352, 357, 7711, 474, 0),
	(1058, 1940140, 52790064, 40, 125, 0, 0, 36, 29, 0, 130, 5, 13, 9, 61, 13, 14, 1408, 4297, 210, 285, 11786, 0, 0),
	(1059, 1940140, 33725606, 68, 79, 63, 77, 73, 73, 0, 131, 3, 7, 7, 53, 5, 16, 757, 5759, 190, 363, 7143, 0, 0),
	(1060, 1940140, 41882541, 26, 37, 63, 73, 42, 40, 16, 132, 4, 8, 9, 52, 1, 13, 1142, 5432, 189, 249, 6286, 75, 0),
	(1061, 1938602, 33725606, 68, 102, 73, 77, 0, 46, 63, 0, 6, 4, 11, 21, 12, 14, 1542, 7939, 287, 336, 8454, 653, 0),
	(1062, 1938602, 41929442, 32, 174, 48, 71, 147, 75, 0, 1, 14, 3, 6, 171, 15, 19, 2932, 14969, 611, 634, 12006, 5224, 0),
	(1063, 1938602, 52790064, 21, 88, 96, 15, 50, 79, 0, 2, 2, 3, 12, 99, 15, 17, 1226, 10676, 371, 489, 6322, 1683, 0),
	(1064, 1938602, 10166977, 4, 63, 114, 71, 137, 46, 0, 3, 12, 2, 18, 226, 29, 23, 6841, 13605, 630, 922, 15823, 2149, 0),
	(1065, 1938602, 41882541, 19, 180, 1, 77, 46, 77, 60, 4, 7, 6, 12, 64, 2, 19, 1477, 10433, 384, 586, 9498, 819, 0),
	(1066, 1938602, 82240840, 6, 63, 75, 170, 0, 0, 75, 128, 9, 8, 4, 79, 9, 18, 1135, 6162, 308, 536, 13583, 413, 0),
	(1067, 1938602, 68989003, 13, 180, 77, 20, 41, 16, 16, 129, 0, 12, 6, 53, 1, 11, 95, 3769, 165, 213, 3751, 144, 0),
	(1068, 1938602, 91615374, 2, 1, 29, 31, 2, 182, 27, 130, 1, 8, 1, 91, 3, 13, 342, 5665, 240, 313, 2646, 153, 0),
	(1069, 1938602, 87066114, 29, 11, 182, 36, 63, 13, 13, 131, 1, 10, 4, 31, 2, 11, 967, 3049, 142, 226, 5402, 131, 0),
	(1070, 1938602, 32343530, 8, 11, 182, 63, 145, 36, 46, 132, 6, 6, 2, 106, 7, 15, 807, 7649, 284, 378, 10185, 90, 0),
	(1071, 1936852, 33725606, 68, 86, 63, 77, 73, 46, 27, 0, 2, 10, 9, 13, 4, 12, 272, 4199, 138, 237, 8001, 0, 0),
	(1072, 1936852, 64703394, 16, 1, 46, 180, 92, 36, 0, 1, 2, 7, 12, 67, 2, 17, 1092, 6659, 233, 432, 12293, 171, 0),
	(1073, 1936852, 52790064, 67, 11, 29, 125, 46, 0, 0, 2, 2, 8, 9, 73, 6, 13, 2298, 3769, 198, 265, 7084, 0, 0),
	(1074, 1936852, 6567960, 9, 63, 174, 71, 46, 41, 0, 3, 6, 11, 6, 63, 10, 15, 133, 6601, 234, 348, 11788, 21, 0),
	(1075, 1936852, 91357759, 53, 63, 36, 152, 88, 108, 77, 4, 9, 4, 8, 192, 5, 18, 2095, 11794, 401, 502, 14462, 400, 0),
	(1076, 1936852, 3659547, 42, 151, 156, 63, 36, 178, 0, 128, 7, 2, 19, 59, 1, 19, 1587, 11987, 380, 555, 11631, 2360, 0),
	(1077, 1936852, 10943473, 70, 50, 1, 81, 133, 0, 143, 129, 15, 1, 13, 116, 4, 21, 3090, 16169, 528, 673, 23575, 3769, 0),
	(1078, 1936852, 92788157, 21, 50, 96, 41, 51, 102, 0, 130, 10, 3, 12, 145, 9, 19, 1747, 13881, 482, 534, 16280, 4359, 0),
	(1079, 1936852, 27932241, 35, 168, 36, 63, 152, 75, 0, 131, 5, 9, 4, 126, 27, 15, 914, 12409, 424, 372, 9362, 1958, 0),
	(1080, 1936852, 86891807, 29, 1, 79, 180, 46, 0, 36, 132, 3, 7, 11, 44, 3, 14, 1189, 8605, 283, 326, 6363, 243, 0),
	(1081, 1935462, 78094067, 6, 152, 71, 170, 63, 24, 0, 0, 10, 7, 7, 151, 17, 19, 3000, 11026, 431, 567, 13617, 1806, 0),
	(1082, 1935462, 86741366, 40, 63, 36, 14, 125, 147, 46, 1, 6, 0, 15, 72, 12, 17, 1581, 10519, 327, 464, 10528, 2231, 0),
	(1083, 1935462, 33725606, 31, 50, 79, 73, 31, 46, 0, 2, 1, 4, 13, 24, 11, 13, 1563, 5769, 214, 294, 7121, 591, 0),
	(1084, 1935462, 64703394, 19, 1, 104, 119, 180, 46, 40, 3, 22, 3, 7, 95, 17, 21, 1882, 14363, 458, 696, 19561, 1695, 0),
	(1085, 1935462, 52790064, 28, 11, 125, 36, 137, 0, 63, 4, 5, 2, 10, 174, 21, 19, 5951, 9937, 437, 559, 6430, 1325, 0),
	(1086, 1935462, 15951197, 32, 36, 63, 71, 174, 0, 0, 128, 0, 8, 4, 81, 0, 13, 108, 6539, 206, 285, 3346, 0, 0),
	(1087, 1935462, 90703725, 16, 1, 180, 40, 0, 0, 0, 129, 3, 8, 4, 60, 2, 13, 426, 5110, 193, 285, 6144, 0, 0),
	(1088, 1935462, 79849682, 14, 61, 41, 131, 29, 0, 0, 130, 7, 14, 3, 50, 0, 13, 35, 5868, 213, 261, 7618, 0, 0),
	(1089, 1935462, 93608587, 36, 180, 73, 73, 28, 73, 73, 131, 3, 7, 2, 53, 4, 13, 288, 4563, 164, 269, 6090, 24, 0),
	(1090, 1935462, 79931026, 69, 182, 50, 73, 20, 13, 56, 132, 1, 9, 5, 50, 4, 11, 183, 4583, 162, 196, 4663, 0, 0),
	(1091, 1844946, 86892500, 69, 137, 125, 108, 50, 39, 0, 0, 9, 6, 5, 159, 8, 20, 4671, 14543, 432, 468, 12025, 2010, 0),
	(1092, 1844946, 33296101, 1, 147, 143, 125, 63, 0, 81, 1, 4, 5, 7, 161, 9, 20, 111, 14819, 355, 460, 10242, 804, 0),
	(1093, 1844946, 77963725, 25, 98, 24, 36, 63, 60, 1, 2, 18, 7, 7, 175, 16, 24, 1832, 16684, 457, 698, 20797, 4477, 0),
	(1094, 1844946, 93679599, 21, 98, 149, 15, 50, 0, 0, 3, 4, 6, 10, 144, 5, 19, 4971, 10011, 375, 424, 10134, 2380, 0),
	(1095, 1844946, 28039148, 66, 180, 65, 79, 88, 0, 60, 4, 2, 12, 16, 116, 0, 17, 119, 12569, 315, 348, 5581, 1014, 0),
	(1096, 1844946, 6567960, 8, 36, 50, 135, 0, 145, 108, 128, 18, 7, 9, 183, 5, 25, 975, 18279, 448, 720, 24464, 861, 0),
	(1097, 1844946, 33725606, 54, 151, 50, 73, 36, 11, 143, 129, 5, 11, 3, 172, 5, 18, 2200, 8434, 291, 398, 10135, 208, 0),
	(1098, 1844946, 12097933, 37, 79, 46, 88, 63, 24, 73, 130, 4, 8, 15, 92, 3, 15, 520, 9100, 244, 283, 12375, 418, 0),
	(1099, 1844946, 31792550, 22, 73, 34, 180, 73, 57, 41, 131, 4, 8, 10, 42, 0, 15, 1628, 4650, 174, 281, 9732, 166, 0),
	(1100, 1844946, 52790064, 31, 29, 94, 73, 43, 24, 56, 132, 4, 5, 17, 33, 6, 17, 1056, 7056, 194, 341, 16174, 313, 0),
	(1101, 1601237, 33725606, 31, 79, 36, 102, 63, 0, 46, 0, 3, 4, 15, 53, 2, 15, 2003, 7060, 338, 462, 10888, 1201, 0),
	(1102, 1601237, 6567960, 21, 102, 50, 88, 36, 46, 69, 1, 2, 2, 5, 135, 13, 15, 5422, 7333, 443, 421, 4055, 3039, 0),
	(1103, 1601237, 31792550, 60, 92, 36, 50, 108, 0, 0, 2, 8, 3, 8, 12, 0, 13, 1704, 7074, 303, 338, 7825, 793, 0),
	(1104, 1601237, 93840925, 14, 41, 131, 125, 60, 0, 63, 3, 15, 5, 5, 34, 3, 15, 2111, 8736, 407, 458, 11784, 683, 0),
	(1105, 1601237, 93922114, 53, 65, 166, 63, 0, 0, 108, 4, 2, 0, 8, 151, 1, 13, 4679, 10985, 530, 357, 4825, 3964, 0),
	(1106, 1601237, 82524434, 7, 180, 73, 0, 0, 0, 0, 128, 1, 4, 4, 49, 0, 11, 2263, 2588, 182, 267, 2935, 0, 0),
	(1107, 1601237, 48020393, 15, 63, 22, 16, 16, 16, 60, 129, 3, 10, 4, 51, 4, 13, 638, 3899, 203, 326, 7891, 17, 0),
	(1108, 1601237, 20965237, 23, 46, 125, 0, 92, 29, 34, 130, 3, 3, 3, 48, 1, 12, 790, 4790, 188, 272, 4916, 31, 0),
	(1109, 1601237, 43865507, 51, 73, 73, 50, 39, 0, 0, 131, 3, 5, 4, 34, 6, 11, 1846, 2740, 174, 244, 5937, 62, 0),
	(1110, 1601237, 29747875, 40, 63, 88, 34, 42, 14, 0, 132, 0, 8, 6, 33, 3, 9, 401, 3480, 149, 171, 5129, 106, 0),
	(1111, 1166755, 6567960, 54, 168, 151, 154, 55, 63, 117, 0, 7, 3, 10, 180, 4, 22, 2490, 16670, 462, 623, 16400, 2333, 0),
	(1112, 1166755, 64703394, 34, 102, 96, 178, 48, 41, 58, 1, 13, 3, 10, 185, 11, 23, 2503, 17268, 470, 691, 23227, 614, 0),
	(1113, 1166755, 41882541, 50, 178, 180, 108, 92, 0, 0, 2, 2, 5, 7, 144, 9, 18, 3753, 8754, 331, 434, 7067, 539, 0),
	(1114, 1166755, 33725606, 25, 1, 63, 185, 88, 46, 57, 3, 2, 5, 9, 76, 1, 15, 2209, 8005, 253, 316, 5353, 1097, 0),
	(1115, 1166755, 93431466, 41, 172, 135, 141, 55, 63, 0, 4, 13, 1, 8, 189, 24, 22, 2571, 19234, 505, 622, 15663, 6253, 0),
	(1116, 1166755, 27755639, 1, 125, 11, 170, 34, 63, 0, 128, 1, 5, 2, 128, 4, 15, 1316, 7025, 218, 310, 4815, 175, 0),
	(1117, 1166755, 86731146, 23, 152, 88, 3, 69, 63, 46, 129, 3, 8, 9, 116, 5, 16, 421, 9203, 249, 331, 9916, 129, 0),
	(1118, 1166755, 11112118, 64, 180, 88, 24, 79, 0, 36, 130, 1, 6, 4, 126, 7, 15, 719, 8430, 241, 321, 7159, 518, 0),
	(1119, 1166755, 39076285, 21, 50, 100, 34, 77, 77, 23, 131, 5, 10, 9, 81, 3, 18, 616, 8225, 245, 409, 10558, 182, 0),
	(1120, 1166755, 39547815, 2, 1, 61, 46, 16, 125, 63, 132, 4, 9, 2, 122, 8, 16, 507, 8614, 242, 332, 4333, 0, 0),
	(1121, 1165157, 1390269, 59, 151, 36, 63, 164, 125, 46, 0, 16, 10, 4, 164, 21, 23, 732, 10122, 327, 564, 19219, 536, 0),
	(1122, 1165157, 79184746, 54, 151, 4, 63, 143, 125, 55, 1, 6, 8, 12, 172, 1, 21, 41, 12325, 318, 503, 12036, 944, 0),
	(1123, 1165157, 22366842, 53, 12, 65, 24, 63, 23, 58, 2, 3, 14, 8, 169, 0, 16, 867, 9745, 295, 301, 7656, 409, 0),
	(1124, 1165157, 1039238, 18, 46, 151, 88, 94, 26, 63, 3, 4, 15, 12, 89, 13, 17, 425, 8103, 212, 307, 9301, 240, 0),
	(1125, 1165157, 52141320, 61, 81, 116, 63, 13, 0, 0, 4, 4, 11, 7, 103, 2, 20, 426, 8405, 233, 422, 8028, 460, 0),
	(1126, 1165157, 6567960, 8, 71, 50, 145, 139, 164, 108, 128, 16, 5, 18, 275, 17, 25, 5308, 20147, 542, 653, 25191, 2004, 0),
	(1127, 1165157, 64703394, 51, 127, 36, 180, 46, 108, 88, 129, 8, 12, 35, 102, 3, 22, 3745, 10899, 337, 542, 17565, 439, 0),
	(1128, 1165157, 41882541, 27, 41, 42, 108, 180, 46, 119, 130, 8, 8, 17, 176, 1, 23, 492, 17119, 388, 575, 9857, 1939, 0),
	(1129, 1165157, 33725606, 47, 152, 147, 75, 75, 63, 139, 131, 14, 5, 9, 184, 17, 25, 3665, 17906, 454, 652, 15252, 5742, 0),
	(1130, 1165157, 31792550, 31, 96, 0, 79, 0, 50, 36, 132, 11, 3, 13, 37, 0, 21, 3069, 11625, 294, 496, 9785, 1832, 0),
	(1131, 957979, 36187064, 54, 151, 61, 143, 0, 53, 63, 0, 4, 8, 14, 161, 1, 20, 401, 13399, 303, 434, 13179, 0, 0),
	(1132, 957979, 74862245, 39, 100, 41, 96, 0, 40, 63, 1, 9, 7, 10, 113, 11, 20, 809, 12061, 271, 434, 16986, 186, 0),
	(1133, 957979, 56386500, 61, 178, 203, 46, 34, 29, 81, 2, 8, 7, 2, 148, 4, 20, 579, 11052, 271, 426, 18852, 907, 0),
	(1134, 957979, 43116923, 6, 152, 170, 75, 63, 21, 51, 3, 5, 8, 12, 149, 0, 19, 696, 11986, 278, 407, 11167, 797, 0),
	(1135, 957979, 48954750, 20, 108, 102, 75, 0, 0, 63, 4, 2, 6, 15, 87, 0, 18, 268, 10689, 229, 348, 7120, 475, 0),
	(1136, 957979, 57951022, 41, 36, 147, 145, 71, 0, 63, 128, 6, 7, 9, 251, 15, 22, 3213, 14524, 436, 549, 6288, 3594, 0),
	(1137, 957979, 89315036, 36, 88, 36, 50, 125, 96, 0, 129, 4, 6, 8, 110, 2, 17, 932, 11149, 259, 304, 9374, 631, 0),
	(1138, 957979, 64703394, 21, 102, 96, 50, 79, 40, 0, 130, 10, 5, 18, 119, 11, 23, 3596, 13574, 348, 560, 16934, 2157, 0),
	(1139, 957979, 6567960, 9, 36, 174, 0, 147, 63, 46, 131, 10, 6, 20, 124, 12, 20, 2212, 12764, 363, 453, 18075, 1783, 0),
	(1140, 957979, 33725606, 37, 50, 58, 46, 73, 185, 24, 132, 3, 7, 18, 101, 3, 19, 1744, 10987, 290, 382, 10210, 1847, 0),
	(1141, 858946, 22546344, 14, 73, 34, 63, 131, 61, 46, 0, 7, 5, 13, 59, 3, 16, 4106, 6720, 336, 432, 10122, 1100, 0),
	(1142, 858946, 43381073, 9, 147, 46, 63, 41, 88, 135, 1, 16, 1, 11, 127, 5, 23, 5648, 13575, 533, 799, 21077, 3524, 0),
	(1143, 858946, 308547, 41, 172, 46, 63, 71, 145, 141, 2, 4, 4, 6, 168, 8, 18, 1761, 15090, 485, 513, 5510, 2511, 0),
	(1144, 858946, 86854655, 64, 88, 73, 73, 46, 180, 79, 3, 4, 5, 11, 27, 1, 14, 1568, 7199, 256, 309, 6970, 545, 0),
	(1145, 858946, 88365482, 60, 92, 0, 46, 63, 125, 135, 4, 10, 2, 11, 162, 12, 20, 5395, 11698, 523, 632, 13217, 3910, 0),
	(1146, 858946, 6567960, 20, 42, 34, 29, 40, 88, 73, 128, 1, 12, 8, 17, 6, 11, 109, 3365, 124, 208, 5334, 0, 0),
	(1147, 858946, 64703394, 54, 151, 63, 13, 13, 8, 46, 129, 5, 6, 8, 101, 17, 16, 1547, 6786, 268, 428, 11647, 0, 0),
	(1148, 858946, 33725606, 37, 63, 0, 15, 0, 77, 16, 130, 2, 12, 5, 21, 1, 11, 112, 2824, 134, 212, 9120, 7, 0),
	(1149, 858946, 10166977, 17, 41, 63, 77, 40, 77, 24, 131, 4, 6, 5, 109, 6, 15, 799, 6176, 265, 350, 10835, 463, 0),
	(1150, 858946, 41882541, 1, 63, 46, 125, 170, 0, 0, 132, 4, 5, 2, 113, 2, 16, 492, 7084, 270, 385, 4516, 97, 0),
	(1151, 785617, 33954330, 19, 180, 77, 0, 1, 127, 24, 0, 6, 15, 14, 108, 1, 19, 321, 10295, 242, 379, 16517, 94, 0),
	(1152, 785617, 86703322, 25, 36, 63, 108, 41, 1, 69, 1, 11, 9, 5, 230, 3, 24, 1213, 12279, 356, 572, 14588, 778, 0),
	(1153, 785617, 91019875, 57, 180, 40, 178, 119, 42, 0, 2, 5, 12, 9, 99, 3, 17, 690, 9108, 216, 305, 7650, 0, 0),
	(1154, 785617, 54474459, 68, 79, 102, 0, 180, 0, 16, 3, 6, 10, 19, 86, 5, 20, 296, 7022, 220, 388, 19137, 326, 0),
	(1155, 785617, 72775306, 8, 71, 63, 52, 34, 170, 168, 4, 10, 7, 8, 149, 0, 21, 281, 12948, 284, 443, 18506, 708, 0),
	(1156, 785617, 6567960, 9, 36, 196, 63, 41, 170, 131, 128, 16, 9, 17, 93, 5, 24, 2630, 14669, 343, 559, 24189, 1259, 0),
	(1157, 785617, 41882541, 67, 125, 63, 131, 137, 114, 46, 129, 14, 6, 22, 212, 4, 25, 2761, 18726, 409, 594, 19172, 2154, 0),
	(1158, 785617, 33725606, 26, 46, 63, 108, 31, 185, 42, 130, 6, 11, 14, 58, 0, 20, 2552, 10596, 265, 409, 10923, 1338, 0),
	(1159, 785617, 89253610, 17, 41, 63, 121, 160, 0, 0, 131, 4, 4, 26, 142, 3, 23, 3870, 14365, 336, 519, 11927, 2270, 0),
	(1160, 785617, 12054893, 16, 63, 108, 53, 36, 1, 0, 132, 8, 9, 15, 145, 1, 22, 1227, 15229, 339, 490, 16460, 1681, 0),
	(1161, 162636, 42707280, 9, 41, 63, 36, 154, 42, 22, 0, 8, 7, 10, 102, 5, 18, 1284, 9667, 237, 336, 13853, 403, 0),
	(1162, 162636, 15807732, 4, 116, 63, 154, 46, 36, 75, 1, 11, 8, 8, 207, 21, 23, 978, 13667, 373, 530, 12398, 1075, 0),
	(1163, 162636, 45630129, 29, 1, 34, 63, 73, 73, 8, 2, 3, 10, 18, 67, 2, 17, 1159, 7418, 202, 316, 11404, 28, 0),
	(1164, 162636, 10107672, 40, 88, 63, 75, 152, 0, 46, 3, 5, 11, 14, 69, 0, 16, 1699, 8455, 223, 290, 16481, 57, 0),
	(1165, 162636, 82586, 42, 46, 116, 145, 63, 0, 0, 4, 6, 10, 6, 169, 4, 19, 354, 10951, 294, 380, 14917, 367, 0),
	(1166, 162636, 41882541, 64, 79, 39, 63, 46, 0, 0, 128, 2, 11, 11, 43, 1, 15, 2264, 5946, 187, 237, 6702, 490, 0),
	(1167, 162636, 41929442, 6, 147, 63, 52, 156, 75, 0, 129, 14, 4, 11, 216, 6, 25, 4843, 18196, 460, 625, 22993, 5112, 0),
	(1168, 162636, 29994318, 21, 50, 36, 96, 73, 123, 53, 130, 17, 5, 13, 206, 7, 25, 2987, 17627, 447, 631, 16146, 2200, 0),
	(1169, 162636, 33725606, 20, 188, 185, 77, 23, 63, 46, 131, 2, 11, 15, 19, 0, 15, 1711, 6203, 182, 235, 5531, 435, 0),
	(1170, 162636, 64703394, 16, 1, 90, 180, 46, 108, 42, 132, 9, 4, 23, 177, 7, 25, 6039, 14094, 391, 624, 22308, 892, 0);
/*!40000 ALTER TABLE `playermatchinfo` ENABLE KEYS */;


-- Dumping structure for table dota2.players
DROP TABLE IF EXISTS `players`;
CREATE TABLE IF NOT EXISTS `players` (
  `account_id` int(10) unsigned NOT NULL,
  `player_name` text NOT NULL,
  PRIMARY KEY (`account_id`)
) ENGINE=InnoDB DEFAULT CHARSET=utf8;

-- Dumping data for table dota2.players: ~726 rows (approximately)
DELETE FROM `players`;
/*!40000 ALTER TABLE `players` DISABLE KEYS */;
INSERT INTO `players` (`account_id`, `player_name`) VALUES
	(10187, '@Panerai111 ( 5-Wing)'),
	(18993, 'Mulligan'),
	(61298, 'Antti Philstrm'),
	(67481, 'cOrran'),
	(82586, 'goochie'),
	(170233, 'Inioch'),
	(274543, 'Smoked'),
	(308547, 'coNrad-'),
	(320864, 'erno'),
	(327868, 'cap\'n cob'),
	(440180, 'sil0r'),
	(469617, 'Blade'),
	(496896, 'L`o'),
	(564677, 'MkC.Nicholas'),
	(714750, 'NoRussianPlz'),
	(1039238, 'TekknoTroll'),
	(1390269, 'bazookaleffe'),
	(1446489, 'pod.BaBaUTZ'),
	(1607376, 'Uncle-Drew'),
	(1682492, 'Barke      Bull'),
	(1694643, 'Le Fuze'),
	(1705756, 'Snabelsnigel'),
	(1723565, 'ni.ru'),
	(1878437, 'Tymm'),
	(1963699, 'Mizzor The King'),
	(2021935, 'Mosbrickan'),
	(2194662, 'Hz.fluff-it'),
	(3453380, 'Bender Bending Rodriguez'),
	(3630124, 'spacejunkk'),
	(3659547, 'Liddy'),
	(3725665, '07091988'),
	(3906782, 'T-X'),
	(3978465, 'Murha'),
	(4643903, 'JackieChen'),
	(4714470, 'Grenafkingdier'),
	(4821362, 'StevigeStaf'),
	(5064730, '[cAMp] SuperTeo'),
	(5520560, 'exp(i) = cos() + isin()'),
	(5586749, 'krawbtro'),
	(5776031, 'Goose'),
	(5779937, 'WvR'),
	(6026630, 'Calcifer'),
	(6567960, 'WindyTourist'),
	(6935566, 'en0rM'),
	(7037415, 'Grifter'),
	(7733775, 'Yamma'),
	(8058031, 'KMan'),
	(8199559, 'Sisco'),
	(8262556, 'Machak'),
	(8838707, 'TurtlePirate'),
	(9833983, 'gaypr0n'),
	(9836250, 'In Korea SpidaH'),
	(9839159, 'Kirk Lazarus'),
	(9985600, 'SommarlovsJocke'),
	(10083620, 'S!cK'),
	(10107672, 'Kobocha'),
	(10108982, 'DragoonC'),
	(10126376, 'Melhim'),
	(10166977, 'Goshawk'),
	(10382566, 'Celgaming'),
	(10484644, 'yav_at'),
	(10487041, 'Tanwa'),
	(10832220, 'RnzBau-Putz|meckZ'),
	(10943473, 'krke'),
	(11112118, 'MetM'),
	(11114971, 'Lunch [<3]'),
	(11468833, 'ToP-HaiR@TG12'),
	(11513767, '- ProAlakiR!'),
	(11551519, 'LIKE'),
	(12054893, ';_;'),
	(12063585, 'MaxuS'),
	(12097933, 'Sticky'),
	(12226039, 'Rawr Dinosaur Rawr'),
	(12663660, 'Mc Statham'),
	(13015894, 'Steven'),
	(13090448, 'CroSs'),
	(13184535, 'JONNE_JOPA-NOZH'),
	(14386585, 'Vando'),
	(14721893, 'Ricky'),
	(14785255, 'RX'),
	(15241170, 'Brobi'),
	(15807732, 'the wayne gretzky of dota'),
	(15888431, 'Filipokk'),
	(15951197, 'Pickadoll'),
	(16222051, 'PearlSeven'),
	(16326952, 'crnkenhausMASSI'),
	(16638355, 'A Talking Dog'),
	(16988651, 'Meltyman'),
	(17103800, 'ofcfb'),
	(17168730, 'Antonton'),
	(17528245, 'fru obbeluff'),
	(17600528, '[<3] Feartheflames'),
	(17625749, 'Snuggles'),
	(17849429, 'vVv amped'),
	(17903931, '...Rafaman'),
	(18159666, 'Aertz'),
	(18207832, 'Goodman'),
	(18321073, 'Blo0dStR1k3#'),
	(18456954, 'gumpl'),
	(18459252, 'Wyrm'),
	(19028025, 'Danger656'),
	(19184090, 'Mazurka'),
	(19197644, 'Lares'),
	(19502139, 'kYem'),
	(19573376, 'DILDOS'),
	(19648555, 'MoggaGino'),
	(19748577, 'Fly Molo'),
	(19945209, 'ged0 k'),
	(20025898, 'Scriv'),
	(20729142, 'Nannuk'),
	(20855168, 'Mat'),
	(20907587, 'Sideshow'),
	(20965237, ' 74 | Maximum GANGNAM'),
	(21968418, 'AKQJ10'),
	(22095842, 'Artemon'),
	(22201317, 'flipside'),
	(22366842, 'Carl is the killer af doom'),
	(22415097, 'Hellz-Ballz'),
	(22471098, 'GrannySmith'),
	(22546344, 'Paahdin'),
	(22730975, 'Craven'),
	(23186198, 'paZ, problem?'),
	(23637363, 'Jatt Mackson'),
	(23680567, 'Blade'),
	(23702274, 'Theft'),
	(23733605, 'lk'),
	(23930458, 'urt Gdel'),
	(24326040, 'HASTA NUESTRA MUERTE'),
	(24360103, 'Psyche'),
	(24529501, 'SneakyChinese'),
	(25059898, '0x33 )  EuPHoria'),
	(25181520, 'Shiiniiiiigaaamiiiiii :P:P:P'),
	(25495411, 'LongCat'),
	(25582659, ''),
	(25605605, 'V@Mp'),
	(25659371, 'THG | mistershrubber'),
	(25944663, 'LudaAa'),
	(26198322, 'Adversary'),
	(26198836, 'Takapiru'),
	(26210956, 'LucY.eXe'),
	(26310545, 'GALET HJORT Azurma'),
	(26643015, 'THE_ART_OF_TROLLING'),
	(26768230, 'Elya'),
	(26862855, 'Proposition Joe'),
	(27010873, 'Neutron'),
	(27192219, ' No homo'),
	(27376505, 'Ant0ni0411'),
	(27405125, 'FatUglyNerd'),
	(27425904, 'Mateo|'),
	(27475131, 'P'),
	(27692794, 'Stonetorl'),
	(27755639, 'crap I Aps'),
	(27784380, '[BG]TheEngineer'),
	(27786306, 'Error37'),
	(27932241, 'Hygin'),
	(28039148, '{RuS}M1X@N~1998~'),
	(28370998, 'HaLa'),
	(28661006, 'Etchi'),
	(29003195, 'EasyBot'),
	(29213413, 'Addehoc'),
	(29293200, 'Netami'),
	(29517560, 'MrLi'),
	(29607427, '[KALIX]snabbjan'),
	(29747875, 'OP OP OP GANGNAM STYLE'),
	(29816843, 'Jud0furby'),
	(29931628, '2bit'),
	(29983043, 's3 '),
	(29994318, 'Asad'),
	(30103421, 'MarisaMawisa'),
	(30425157, 'Kronoss'),
	(30475808, 'ehtom'),
	(30642199, '-=[L.A]=- \'sK[YLY]Ne\''),
	(30676361, 'Bulbasaur '),
	(30898499, 'Werzell'),
	(30915579, 'str4nge guy'),
	(30933396, 'Valerion'),
	(30983691, 'B000n'),
	(31140888, 'KyKyRyKa'),
	(31792550, 'rossw'),
	(31832589, 'zEROO'),
	(31900759, 'AdmiralGT'),
	(32007948, 'kirizhaki'),
	(32166688, 'Gek(O_O)Ns <3 beer'),
	(32265713, 'BornPro'),
	(32343530, 'Amshek'),
	(32394208, 'VarVik'),
	(32442708, 'Beari'),
	(32848432, 'Queaw'),
	(32993690, 'Herr GeneraL'),
	(33021431, 'mamyda'),
	(33024455, 'murder.'),
	(33116958, 'Candle'),
	(33142467, 'yemm'),
	(33174111, 'Blutrunstjack'),
	(33196888, 'Dr Zehrenstrom '),
	(33240017, 'Scumbag Player'),
	(33240526, 'rocky3000'),
	(33296101, 'I\'ll suck your dick faggot'),
	(33390609, 'STACKED | Templar'),
	(33392113, 'TheRealVietkong'),
	(33725606, 'Moltenfire'),
	(33954330, 'Alcantara'),
	(34008721, 'NeO'),
	(34105145, 'Why So Serious ?'),
	(34148651, 'Sasha Grey'),
	(34241067, 'BITCH PLS?'),
	(34369023, 'Javdani'),
	(34471003, 'helloteam'),
	(34581642, 'Dingle'),
	(34860585, 'the.Diabolic'),
	(35074348, 'lana tsegnorts'),
	(35296449, 'Awaryx'),
	(35322798, 'HaraSS\'n Ford'),
	(35712014, 'Dig Bick'),
	(35873329, 'bigchocomomma'),
	(36074105, 'Stoner Bot'),
	(36187064, 'Necrus'),
	(37151403, 'Feelicks'),
	(37460177, 'TempleOfTheKing'),
	(37651406, 'STANDIN.FearSC on Duxter'),
	(37736072, ''),
	(37774381, 'DevZ'),
	(38020251, 'Mellow`'),
	(38043003, 'Hangs'),
	(38175302, 'KUSH.MASTA420'),
	(38269105, '>.<'),
	(38418490, 'Ewynn'),
	(38878300, 'KoTTiG'),
	(39001468, 'yid army'),
	(39076285, 'W!'),
	(39207907, 'flol'),
	(39208485, 'Medac'),
	(39532422, 'WHAT IS LOVE ????'),
	(39547815, 'reiser'),
	(39553214, 'TeamDoherty'),
	(40096544, '[COGS] Symphona'),
	(40098498, 'Hado[KeN'),
	(40358371, 'NTRAFF'),
	(40416215, 'Schnieftee'),
	(40504715, 'fOfan Tsunami'),
	(40589269, 'ThatSlyRogue'),
	(40607455, 'hp100'),
	(40727588, '[] _'),
	(40951074, 'Hilarious Hiiri ()'),
	(41139401, 'sAyhello-'),
	(41160607, 'pikapika'),
	(41161902, 'Kimmy'),
	(41312602, 'night_lynx'),
	(41536950, 'DarcMagus'),
	(41572798, 'Hell1k'),
	(41637448, 'ShOcKeRxx'),
	(41882541, 'Agaeki'),
	(41929442, '[UWCS] Mogmiester'),
	(42009864, 'Nope!'),
	(42106326, 'Kennoo'),
	(42174542, 'XDP | Richie'),
	(42317464, 'asdq3'),
	(42689958, 'Barik'),
	(42707280, 'Lena_smedss'),
	(43113234, 'yippee-ki-yay'),
	(43116923, 'Ubi Van'),
	(43121821, 'Czartafarianin'),
	(43188363, 'Johnny Lawrence'),
	(43251529, 'Lateralus'),
	(43323614, 'Big Bad Wolf'),
	(43381073, 'chimppi'),
	(43865507, 'seabass'),
	(43873420, 'HaarD'),
	(43985908, 'RAMJkE iN dA hOUSE'),
	(44096732, 'emZi'),
	(44258101, 'Envy back atm'),
	(44990019, 'lokis'),
	(45102224, 'Isildur888'),
	(45129525, 'SkazanyNaPorazke'),
	(45141206, 'Azielix'),
	(45234194, 'C0rbec'),
	(45261336, 'SlaMoKa'),
	(45397790, 'ziGGECREW'),
	(45602714, 'NBAman'),
	(45630129, 'Knez'),
	(46125272, 'ehzx'),
	(46594828, 'herr znarkeluff'),
	(46733866, 'Kazzak'),
	(46750798, 'Ladro'),
	(46754839, 'Vallithor'),
	(46794882, 'pgc | sancH'),
	(46803495, 'feed from the heaven'),
	(47416452, 'Greener'),
	(47478480, 'Slayer'),
	(47803133, 'ref'),
	(48020393, 'XZIBIT'),
	(48484939, 'emzee'),
	(48862624, 'aGolfHitHer'),
	(48954750, 'rdn'),
	(49029767, 'Knucks'),
	(49621705, 'Cheburashka.'),
	(49733257, 'Hellvis'),
	(50048735, 'Euh.vsq'),
	(50165481, '_VIVIV'),
	(50442782, 'I SAID GOOD DAY SIR'),
	(50540743, 'Nicolas'),
	(50885105, 'OnTheLineAgain'),
	(51079365, 'amnesia.Testicool'),
	(51348254, 'Calci'),
	(51627288, 'Baaastii'),
	(51740084, 'Dirtus'),
	(51852240, 'Mafia Graves'),
	(51980857, 'U MAD?'),
	(52018736, 'GG'),
	(52141320, 'Hellcat'),
	(52147317, 'Inspector Ace'),
	(52173538, 'Force'),
	(52193939, 'Razooor'),
	(52320218, 'Toge'),
	(52439902, '2nk2r3`'),
	(52484272, 'cetreal'),
	(52790064, '[HKG] Paperwork'),
	(52982498, '71k3'),
	(52995619, 'Korney'),
	(53657238, 'D3ath'),
	(53672524, 'VesTong'),
	(53822512, 'Hapycat'),
	(54419420, 'Khanmoni'),
	(54474459, '2stronk4u'),
	(54666125, 'nise'),
	(54742394, 'Tojnangamer'),
	(55214910, 'Jeggy'),
	(55246446, 'Alone Anus =('),
	(55392167, 'Werm'),
	(55448526, 'yazzzzzz^^'),
	(55923875, 'RoStMaN'),
	(56008924, 'Wo1f'),
	(56130721, 'htgw'),
	(56213414, 'Le TighT'),
	(56345056, 'OH LONG JOHNSON'),
	(56360631, 'Siki jackson sibbeeee'),
	(56386500, 'LiFe =)'),
	(56456077, 'solmir-'),
	(57167357, 'Lawliet_91'),
	(57331436, 'Castiel'),
	(57494531, 'LordSith'),
	(57527302, 'kf7geng'),
	(57868686, 'UtterLy SmeKsY!'),
	(57951022, 'get_t'),
	(58938984, 'Aceron'),
	(59108232, 'geo'),
	(59162834, '/-\\ |2 7 3 \\_/ 5'),
	(59226088, 'Du[RR]i'),
	(59491422, 'Candyshop'),
	(60027655, 'MoreQQ'),
	(60139793, 'Madapaka'),
	(60348526, 'Soul_Power'),
	(60720264, 'HOLYBOY'),
	(60793461, '[DoG] DgRampage'),
	(61234930, 'PeaceDoLay'),
	(61459835, 'Skywalker'),
	(61629840, 'rain-d4n'),
	(61683122, 'Chaosleague'),
	(61730874, '[vVv]ShadowsCrush'),
	(62215459, 'SCMutalisk'),
	(62925376, 'Charb'),
	(62940509, 'Sch4bern4ck'),
	(63143010, 'tZNk'),
	(63183365, 'dIMASIK'),
	(63351912, 'What a clownpub'),
	(63595074, 'CroWn`  <PPPPP>'),
	(63651878, 'Aravyre'),
	(63828189, 'thats_life'),
	(64703394, 'Trencha'),
	(65243929, 'I HOPE ALL RUSSIANS WILL DIE'),
	(65264868, 'Cip\'Flaky'),
	(66175532, 'Phalanx'),
	(66228949, 'LittiLittiLitmanen'),
	(66725954, 'FAST FOR YOU'),
	(67361579, 'John_Coffee'),
	(67508305, 'catfishwithwhiskers'),
	(67538528, 'CrazyGrain'),
	(67563670, 'cbaxxa'),
	(67646792, 'Afeitadora'),
	(67672354, 'DreDa'),
	(67769444, 'Knoedelmeister'),
	(67926609, 'schaffe'),
	(68078289, 'Micxors'),
	(68244759, 'DayOfAnger'),
	(68431643, 'Kalablashke'),
	(68559520, 'Ultimatepanda'),
	(68592400, 'Purple'),
	(68652596, 'Mavkar'),
	(68904471, 'pimporka'),
	(68989003, 'UBeR]KeyZa-'),
	(69379337, 'Q Q Q Q Q w a c k'),
	(69395408, 'Superopfer69'),
	(69398734, 'warguline^fcb'),
	(69525085, '-IamW-'),
	(69940845, 'heal4u'),
	(70066759, 'FANG[FON]LS'),
	(70425873, 'j3k2h'),
	(70784605, 'naef'),
	(70914927, 'NuCLear^_'),
	(71086432, 'MMMMMMM'),
	(71595485, 'venOma'),
	(72684454, 'Sieg Heil'),
	(72775306, 'fetxlol'),
	(72940990, 'Sniif'),
	(73172011, 'SASHKA[F]'),
	(73256110, 'volenby'),
	(74221284, 'angerborn'),
	(74862245, 'Solo.Feed'),
	(75056733, 'Craig'),
	(75342513, 'nOnStyle'),
	(76479000, 'Sormerense'),
	(76524037, 'ShitDumplings <3'),
	(77102486, 'Gc.Puffrud'),
	(77130270, 'suckerpunch'),
	(77181802, 'Tony Tony Chopper'),
	(77288899, 'Banger & Boss'),
	(77556546, 'Mr. Jack'),
	(77558885, 'KronoX'),
	(77694874, '!.Y!!! anG-'),
	(77824264, 'NoodlePoodle'),
	(77963725, '[AMP]Wahlberg'),
	(78094067, 'Delirium'),
	(78151033, 'Hz.Ardente'),
	(78200220, 'ruian uck '),
	(78392004, 'Rushman'),
	(78565809, '[Upstreak]'),
	(79089155, 'CorpseBringer'),
	(79184746, 'Dj Munk'),
	(79295108, 'TIMM...TIMMAAAAAH... livin a lie'),
	(79384006, 'gugu'),
	(79543217, 'kto povar'),
	(79849682, 'Ysosrs'),
	(79931026, 'Gildorek'),
	(80000272, 'JimjGr|Baconator'),
	(80025183, 'Buza'),
	(80104272, 'SoundManiak'),
	(80515252, 'Fermer'),
	(80538604, '[<3] Mr Blakadder@Twitch.tv'),
	(80874901, 'eLight'),
	(80954739, 'Testa'),
	(81176921, 'ap0y'),
	(81371578, ''),
	(81527610, 'gosumepro'),
	(81753180, 'IRodN'),
	(81992529, 'FiRe-Hieronim'),
	(82155626, 'SNORPI'),
	(82240840, 'gr!mun'),
	(82398465, 'wincih'),
	(82475885, 'Moon_knight'),
	(82524434, 'SheitansEye'),
	(82935118, 'Gregori'),
	(82990321, 'Assamboy'),
	(83145830, 'TheMentalist'),
	(83479132, 'HEROIN-GAMING.17th'),
	(83615674, 'Vodka-_-'),
	(83618797, 'sadiq'),
	(83884400, 'Solmyr'),
	(84108262, 'Mikufan'),
	(84360836, 'Buriza-do kyanon'),
	(84426537, 'r0ach'),
	(84435726, 'HollywoodHank'),
	(84854896, 'Mr. F'),
	(84929305, 'KoT_KpokoDuL'),
	(85299695, '[DoG] ThePieMastur'),
	(85374633, 'chady'),
	(85616276, 'Seedlow'),
	(86125114, 'Jamaica'),
	(86254083, 'Forester'),
	(86335076, 'wowA-_-'),
	(86344700, 'fa[n]tastik'),
	(86451077, 'Wurs un aedbaerkaes'),
	(86485964, 'Savi'),
	(86596980, 'oskar'),
	(86703322, 'Oh Shent'),
	(86710629, 'Kiwi'),
	(86714306, 'aCidrain'),
	(86715565, '[420]yskri'),
	(86715927, 'iCrysis-'),
	(86715951, 'JBEZorg'),
	(86716677, 'NaB\'i.WilyJackal'),
	(86719463, 'ZildoO'),
	(86720377, 'Arkthar'),
	(86725105, 'RainbowDash'),
	(86726087, 'LostNik'),
	(86726245, 'Den_Exw_Mpesa'),
	(86726253, '[Tyro] sprekkt'),
	(86728897, 'Bias Butcher GU/BIYM'),
	(86728963, '4393'),
	(86731146, 'Sega^'),
	(86732433, '-mo!'),
	(86733349, 'IreadyToPlay'),
	(86734129, 'NEVER GO FULL RETARD'),
	(86734785, 'Cheburechek   '),
	(86738730, 'WhySoSarcastic?'),
	(86739438, '  :O '),
	(86740622, 'Kacd'),
	(86741366, 'k-0tix'),
	(86742154, 'oso doto'),
	(86742721, '37blok'),
	(86744681, 'Penguin xD'),
	(86745704, 'D18'),
	(86746638, 'Fika'),
	(86747256, 'snssd'),
	(86747841, 'Xyke'),
	(86750951, 'WrongTurn'),
	(86752094, 'soulmate'),
	(86754712, 'horace_bengdahl'),
	(86770449, 'Blake'),
	(86773544, 'Live.For.Dream'),
	(86790576, 'dT'),
	(86794535, 'RF'),
	(86798661, ' XaJv'),
	(86804200, 'Agge'),
	(86813916, 'Vagrance'),
	(86816565, 'BEAST'),
	(86819839, 'King Gilgamesh'),
	(86822527, 'asdfghjkasdfghjk'),
	(86822701, 'makemecloser2u'),
	(86828239, 'pgc | u wot meyt'),
	(86838564, 'GK-^'),
	(86852022, 'Imnaked'),
	(86853801, 'ax'),
	(86854655, 'MASTER-BLASTER'),
	(86860605, 'protection89'),
	(86861146, 'Holy.Player'),
	(86866971, 'Stay come, Andrew!'),
	(86874064, 'PA, ba Craciunescule !!!'),
	(86875858, 'i\'N|Cr0sS'),
	(86888370, 'noname22'),
	(86891807, 'Planix '),
	(86892126, 'PsOZaLL'),
	(86892500, 'XAH.exe'),
	(86899604, 'Domina_T_ION'),
	(86912512, 'BunDai'),
	(86996828, 'ELViS PREZLEY'),
	(87009345, 'Di3'),
	(87020435, 'Greece'),
	(87030863, 'Quinsy'),
	(87051093, 'Proxina'),
	(87055399, 'Happy-Tony ( MMM-2012)'),
	(87063488, 'hero_1N'),
	(87066114, 'Apocalypse'),
	(87073458, '2fast4enemy'),
	(87082741, 'I\'m Batman'),
	(87114295, 'IziBizi'),
	(87127166, 'TiME.to.DiE'),
	(87159907, 'N-A'),
	(87160849, 'iroo'),
	(87187228, 'Perga'),
	(87187980, 'Sine qua non'),
	(87251389, 'Mr_Orange'),
	(87279345, 'RINGofICE'),
	(87283048, 'Virtus.Pro > Maelstorm'),
	(87288755, 'KoRn-ik'),
	(87366869, 'Keyser Soze'),
	(87534862, 'oldboy'),
	(87608194, 'Spirit'),
	(87620724, 'DedeKorkut'),
	(87966572, 'honoratuS'),
	(88031605, 'apTmusic ()'),
	(88229712, 'Flying Dutchman'),
	(88365482, 'iDok'),
	(88383468, '17'),
	(88983879, '[tSR]...Duteous Menial.'),
	(89076311, 'Gr3ulica'),
	(89170623, '[HeadhuntR]'),
	(89230590, 'www.theYNC.com'),
	(89253610, ''),
	(89315036, 'ya_serezha'),
	(89389179, 'BRRRING IT TO ME !!!!!!!!!!'),
	(89489561, 'Dark.lady'),
	(89509006, 'T-FORCE^kyJ'),
	(89628232, 'bumpersticker'),
	(89833510, 'ETO_JE_H'),
	(90003051, ''),
	(90236827, 'maciik'),
	(90269023, 'Dadgad'),
	(90446736, 'Nidien'),
	(90540563, 'MAKE ME BELIEVE'),
	(90703725, 'Trunks'),
	(90775042, 'Russian KILLER'),
	(90992965, 'GR$  ubika =*'),
	(91019875, 'Marijuana'),
	(91078774, 'OKE DOKE'),
	(91356481, 'CrazyFisher'),
	(91357759, 'Juff'),
	(91370588, 'JustSink'),
	(91372713, 'CareAngel '),
	(91381326, 'lalala'),
	(91396251, 'I  ( . Y . )'),
	(91411274, 'Deril'),
	(91415166, 'SFire'),
	(91415850, 'Slappfisk'),
	(91455898, 'kanikadze'),
	(91529960, 'PartizaN84'),
	(91567247, 'First^^Templar'),
	(91592973, 'zimmer213'),
	(91614040, 'skiro'),
	(91615374, 'NMW'),
	(91793505, 'xzkto'),
	(91939416, 'FinNSTYLE <BKLC>'),
	(91942756, 'NaxrenApm'),
	(91967901, 'Bo\'nG|PriMoHipHoP'),
	(91984501, 'ZairDeLaRoz'),
	(92224113, 'kaysha4eva'),
	(92415510, 'AMPUTATOR'),
	(92465995, 'Jea1ousy '),
	(92536062, 'Orchillo'),
	(92558257, 'kuja'),
	(92629044, 'I am a stegosaurus'),
	(92646844, 'tear'),
	(92667892, 'Daniel-san'),
	(92672100, '18|Trexer[DureX]'),
	(92678499, 'Pomaraczowy Test'),
	(92685391, 'Scebit'),
	(92767865, 'pro-test'),
	(92787845, 'Midnigh7WandereR'),
	(92788157, 'GilgaMesh'),
	(92823771, 'kolobezkar'),
	(92829583, 'dplesko987'),
	(92904721, 'hALAA-'),
	(92985679, 'comeback.by.wr'),
	(93066838, 'IzaWs'),
	(93072686, 'DEIS'),
	(93134309, '-NiNja-skiLLs-'),
	(93200486, 'KISYK'),
	(93246990, 'iG'),
	(93384502, 'SugarSaltPepper'),
	(93422431, 'Abyss.Mr.Dmg'),
	(93426341, 'Hade'),
	(93431466, 'frodo'),
	(93435768, 'Knolte'),
	(93438827, ''),
	(93445157, 'Tetony'),
	(93470148, 'EBU_KONEM'),
	(93608587, 'Wicked_Snail'),
	(93679599, 'Captain_Cat'),
	(93749285, 'BouH'),
	(93764802, 'WhatYaa'),
	(93813171, 'Reality hits you hard bro'),
	(93831363, 'Nihil.832'),
	(93840925, '432424242342'),
	(93845500, 'Po4em?'),
	(93898181, '[Censored]'),
	(93922114, 'Heroin'),
	(93932010, ''),
	(93992290, 'Midy'),
	(94014185, 'Rival'),
	(94089130, 'hakerX'),
	(94162340, 'AK47I'),
	(94196647, 'BigBang'),
	(94314889, ''),
	(94336778, 'tul.boroda'),
	(94800565, 'Vort3x'),
	(94984982, 'Deviruchi'),
	(95245114, 'SK.b00m'),
	(96063931, '[Piy]Johinduritzururu'),
	(96108524, 'time4me'),
	(96128809, 'Shooler'),
	(96170650, 'ePic'),
	(96215712, 'mama_ea_EBASHU'),
	(96475398, 'RIOGO'),
	(96534609, 'Chazy_Chaz'),
	(96560018, 'KibaKenji'),
	(96604590, 'mortalkings'),
	(96637731, 'HybriDFurY'),
	(96761445, 'Puh'),
	(96783882, 'l1ttle'),
	(97027013, 'make.believe'),
	(97102311, 'KinKaKu'),
	(97270434, 'FatDoter'),
	(97303529, 'NuttkaseD'),
	(97342114, 'gerowmida'),
	(97475931, 'fragmat1kk'),
	(97584636, 'k3.TeHre'),
	(97750188, 'RyuK'),
	(97799094, 'DROBOVIK123'),
	(98231906, 'Skywalker'),
	(98507983, '[Sexy]k@mik@:Dze'),
	(98727009, 'GTA.DarkGod'),
	(98935292, '[PHD]Rage'),
	(99124596, 'Bloodhoot'),
	(99241530, '~TURBO~(V)_0_0_(V)~AWAY'),
	(99248317, 'i #PornHub'),
	(99286178, 'Mom Dolan Bot'),
	(99363885, 'Zv3r1K[UA]Sumy'),
	(99364868, 'Undistuped-_^'),
	(99382362, 'Wiesl'),
	(99416172, 'kasY!'),
	(99662676, 'Skb`'),
	(99693631, 'call me papa'),
	(100098858, 'Himez'),
	(100113268, 'AnaQA'),
	(100121165, 'kilakura'),
	(100149270, '[]k.a.e.L'),
	(100151881, 'TheHardGoodbye'),
	(100173357, 'ManGoo'),
	(100461366, 'ATKlJuugo'),
	(100500041, '<3'),
	(100601383, '[tSR]...Crowned Clown'),
	(100621324, 'Joseppe'),
	(100873638, 'wellplayedlawl'),
	(100941738, 'payyeflipp'),
	(101021229, 'No Chance!!!'),
	(101284080, 'Saki'),
	(101492315, 'DoOmTitAn)'),
	(102127278, 'AnyRussiansHere?'),
	(102191579, 'Djimbo'),
	(102316510, 'neWeR-'),
	(102459109, 'geEggs'),
	(102938001, 'WooHoo'),
	(102993291, 'FinNSTYLE- nin (grencisi)'),
	(103020247, '[redz]Reno'),
	(103346529, '1 2'),
	(103622388, 'ProvitaMin'),
	(103673995, 'pechenka9000'),
	(103801088, 'mega'),
	(103941838, 'AFC'),
	(103957680, 'the_art_of_minitiv'),
	(104013274, '[KT]Vitoz'),
	(104049316, 'IntoTheNothing'),
	(104453970, 'SoSeducTive^'),
	(104464383, 'Plusha:)'),
	(104760125, 'Dominator'),
	(104939624, 'Muff Daddy'),
	(106042299, '-');
/*!40000 ALTER TABLE `players` ENABLE KEYS */;


-- Dumping structure for table dota2.uwcsplayers
DROP TABLE IF EXISTS `uwcsplayers`;
CREATE TABLE IF NOT EXISTS `uwcsplayers` (
  `id` int(10) NOT NULL,
  `steamid` bigint(20) NOT NULL,
  `name` tinytext NOT NULL,
  `lastCheck` int(11) NOT NULL,
  PRIMARY KEY (`id`),
  UNIQUE KEY `steamid` (`steamid`)
) ENGINE=InnoDB DEFAULT CHARSET=utf8;

-- Dumping data for table dota2.uwcsplayers: ~1 rows (approximately)
DELETE FROM `uwcsplayers`;
/*!40000 ALTER TABLE `uwcsplayers` DISABLE KEYS */;
INSERT INTO `uwcsplayers` (`id`, `steamid`, `name`, `lastCheck`) VALUES
	(33725606, 76561197993991334, 'Moltenfire', 1343953449);
/*!40000 ALTER TABLE `uwcsplayers` ENABLE KEYS */;
/*!40014 SET FOREIGN_KEY_CHECKS=1 */;
/*!40101 SET CHARACTER_SET_CLIENT=@OLD_CHARACTER_SET_CLIENT */;
